timestamp,open,high,low,close,volume
2025-04-09 15:57:09.626062,30329.045843377164,30349.05076901413,30186.630736829346,30301.02849180674,5614.689889568176
2025-04-09 16:57:09.626062,30222.06962980729,30238.880943734755,30186.629215375848,30220.267584072168,39837.63206638121
2025-04-09 17:57:09.626062,30594.95021786541,30730.701131566642,30532.98514464164,30614.756029481367,1473.8132496163614
2025-04-09 18:57:09.626062,31572.390452456217,31563.820241717196,31519.692013647254,31550.36125467527,11732.469495159723
2025-04-09 19:57:09.626062,31418.121528651292,31405.839537319316,31308.575292302932,31405.763819570286,13517.30719170619
2025-04-09 20:57:09.626062,31289.824783198022,31312.926783639025,31194.145568839318,31261.83939652466,41494.94228210059
2025-04-09 21:57:09.626062,32272.833310379094,32294.87196950096,32221.9577766913,32252.347528690825,22530.626776433728
2025-04-09 22:57:09.626062,32784.97768080969,32812.016172213596,32744.47091173672,32750.604195248216,5401.526869216444
2025-04-09 23:57:09.626062,32429.001421230674,32550.686817228405,32360.333288329606,32446.367859796483,8225.602902664594
2025-04-10 00:57:09.626062,32844.907309532085,32851.73188221402,32717.25225935703,32801.69455178681,26867.697552942715
2025-04-10 01:57:09.626062,32507.379185308535,32550.95273393998,32410.14165290958,32500.957009051424,20351.96320352761
2025-04-10 02:57:09.626062,32268.30030950326,32262.006381045125,32163.888333886545,32201.473850779872,12343.38894171454
2025-04-10 03:57:09.626062,32338.22235387698,32414.209315821117,32293.319864189394,32360.524833379128,13618.251723499961
2025-04-10 04:57:09.626062,31179.498510488072,31137.53168617129,31030.885119745522,31125.46582845322,44186.20861798916
2025-04-10 05:57:09.626062,30060.749123184203,30070.700835790514,29884.561208436757,30054.800953980586,13125.43759047587
2025-04-10 06:57:09.626062,29700.457614397157,29838.926486757457,29693.000920675153,29719.817638671127,20169.135230245873
2025-04-10 07:57:09.626062,29106.675370148318,29157.774216703616,29088.63226653116,29120.766496532793,192901.8111826214
2025-04-10 08:57:09.626062,29297.312714286465,29379.338187647067,29236.349612544083,29306.70103707575,5304.534835915642
2025-04-10 09:57:09.626062,28789.614301323076,28780.85731636009,28750.750737979106,28777.407904864114,3457.002864138537
2025-04-10 10:57:09.626062,27982.059220172545,27982.95189567001,27944.423756369863,27967.436851677096,48222.918028207816
2025-04-10 11:57:09.626062,28773.52553576467,28868.389220479803,28723.60068110286,28790.0423831933,11174.13418587203
2025-04-10 12:57:09.626062,28662.22112851888,28737.948428929416,28555.734691694244,28662.91920222906,16022.711640661495
2025-04-10 13:57:09.626062,28765.98939587898,28877.843756488972,28682.19201710274,28704.496603646116,10085.395052118914
2025-04-10 14:57:09.626062,27937.61366416065,27899.688383153716,27878.81183504619,27889.433463862177,16986.936037494463
2025-04-10 15:57:09.626062,27600.609438647,27687.918956064048,27563.785285743583,27588.57189171814,108938.42704398194
2025-04-10 16:57:09.626062,27653.585558217303,27721.054679667086,27624.339771207284,27652.53466571984,49125.251002203346
2025-04-10 17:57:09.626062,27021.985218655893,27030.071590542597,27016.8810175651,27018.742123192587,52167.94537042618
2025-04-10 18:57:09.626062,27241.16445146696,27251.23081594854,27088.975009149188,27224.461754882428,5344.231020720581
2025-04-10 19:57:09.626062,26872.62963405286,26943.566326589043,26864.728947502736,26900.142900213974,6966.347002665037
2025-04-10 20:57:09.626062,26739.017076103875,26797.977583700864,26721.64184533798,26745.90084345323,1288.0971624637764
2025-04-10 21:57:09.626062,26382.616535476216,26451.88886468505,26374.7941232404,26426.71172578682,9804.719976010783
2025-04-10 22:57:09.626062,27419.288875125676,27436.055032187644,27405.113509313454,27408.346829319027,57337.1013612835
2025-04-10 23:57:09.626062,27421.424487874396,27461.796256679685,27379.19702165672,27403.688931664947,36936.168116859866
2025-04-11 00:57:09.626062,26813.763364349525,26974.790960663897,26808.346728140295,26826.725675023514,17649.92365838065
2025-04-11 01:57:09.626062,27313.65585316063,27292.135023249724,27261.434738181575,27270.73208183859,21540.705781974175
2025-04-11 02:57:09.626062,26574.978479140966,26634.677747368507,26556.361160378434,26607.5931532033,11060.26746000574
2025-04-11 03:57:09.626062,26682.270915244928,26722.767826632684,26710.359177988565,26721.401063726662,27031.520294591443
2025-04-11 04:57:09.626062,25682.53377502794,25767.61888946405,25645.433815999095,25676.770577177147,47376.34248893872
2025-04-11 05:57:09.626062,25023.44228157033,25031.99954521166,24989.419894758143,24997.267685007417,4376.975381189049
2025-04-11 06:57:09.626062,25140.450804525033,25118.731766530145,25068.745528683594,25098.18727197236,29722.145534689076
2025-04-11 07:57:09.626062,25459.692125392066,25498.079051117824,25459.95833836143,25471.380541075912,55962.37511452913
2025-04-11 08:57:09.626062,25588.799819276806,25569.016168250342,25524.694806446914,25561.227413187222,14543.50397980265
2025-04-11 09:57:09.626062,25503.67914953553,25546.612378642472,25400.095179037588,25504.661295007132,44386.94226876237
2025-04-11 10:57:09.626062,25349.24407861962,25410.4651786249,25294.847357065755,25353.620805723036,367564.62939506077
2025-04-11 11:57:09.626062,24628.182173732013,24606.448640129965,24589.89038680797,24606.438449869634,19844.004635403548
2025-04-11 12:57:09.626062,24270.464908136415,24255.094201506363,24234.00283666358,24254.643049567432,32640.432186727725
2025-04-11 13:57:09.626062,23995.729530920715,24049.37692595127,23976.067589100465,24033.615934583966,10529.571555763978
2025-04-11 14:57:09.626062,24580.389113681787,24551.766734233774,24476.815561442665,24544.148687794586,26403.481689111937
2025-04-11 15:57:09.626062,24749.388813996196,24756.06453888738,24680.21140519801,24715.27947048364,34901.03015123664
2025-04-11 16:57:09.626062,23831.353057951797,23887.626038464718,23832.508774833077,23846.270395281193,26764.78581240974
2025-04-11 17:57:09.626062,24012.719460475142,24034.812729920082,23965.593686955075,24003.218901620006,7945.052447663105
2025-04-11 18:57:09.626062,23832.523110070262,23835.22490467042,23738.099940058604,23820.75493807081,27074.883563028598
2025-04-11 19:57:09.626062,23506.767152563432,23563.898811153816,23460.37176488305,23500.64115193508,95053.57307279778
2025-04-11 20:57:09.626062,23777.394887792194,23829.468002138216,23764.053458577706,23790.486915354206,34497.28017879486
2025-04-11 21:57:09.626062,24267.116260968145,24306.55412532118,24273.499045363882,24283.42557703927,57640.87261616643
2025-04-11 22:57:09.626062,24737.515188502108,24781.408885661127,24678.669444652754,24738.14734887566,17378.481596031215
2025-04-11 23:57:09.626062,24353.93453986265,24338.18125127171,24306.157239615473,24325.407428665745,46625.376847040774
2025-04-12 00:57:09.626062,24190.548470354854,24186.76663254288,24162.055236386346,24177.40562891728,29122.54333264044
2025-04-12 01:57:09.626062,24330.984421740133,24381.42689810928,24323.801528570148,24340.005176501592,8510.783370876514
2025-04-12 02:57:09.626062,24836.48615104859,24824.153049187844,24812.69942004292,24817.33464590062,30288.42801334605
2025-04-12 03:57:09.626062,24511.957013830895,24601.176629210586,24555.955768454896,24581.979831079192,8170.64667051632
2025-04-12 04:57:09.626062,24521.297627600325,24498.21717863584,24418.972395275126,24493.160724666126,11697.374865198972
2025-04-12 05:57:09.626062,23911.98472652338,23966.370031586306,23938.250566959166,23953.657234065613,26617.61003973038
2025-04-12 06:57:09.626062,23374.507180645815,23410.235401256967,23300.910993392266,23382.98213070208,29650.796675196478
2025-04-12 07:57:09.626062,23738.69666700552,23881.22443654716,23764.431323859066,23765.305964630697,6706.064430864771
2025-04-12 08:57:09.626062,24380.705512324796,24418.867809555315,24401.31324435531,24412.311680036462,63195.33544637406
2025-04-12 09:57:09.626062,24407.894726621606,24448.966285091006,24345.817641179834,24379.59424056174,39026.894043041015
2025-04-12 10:57:09.626062,24859.714338410547,24917.419145909804,24808.206779433316,24871.346697139044,10886.421572812389
2025-04-12 11:57:09.626062,25062.402542644435,25102.094930056555,24968.412675338182,25053.72133095146,4733.4765123454945
2025-04-12 12:57:09.626062,24731.813206502153,24794.120069189656,24722.965306347087,24732.973691945183,19055.202129092173
2025-04-12 13:57:09.626062,24926.099846996527,24918.632417903616,24832.901882934526,24914.214749382863,14101.779670096897
2025-04-12 14:57:09.626062,25685.058660251438,25693.220989466197,25645.432538646895,25683.085637044536,24664.998603595603
2025-04-12 15:57:09.626062,25634.320596931888,25698.95833405396,25573.92217584966,25667.2514809983,15319.523487234606
2025-04-12 16:57:09.626062,26499.39444167054,26489.75505622108,26431.978835803988,26473.02024998493,2958.812070571353
2025-04-12 17:57:09.626062,25076.228578767637,25119.51394034924,25060.866227234947,25088.616248202594,14937.84286474545
2025-04-12 18:57:09.626062,25463.834702459084,25564.939653381723,25491.596139533864,25503.53304034155,16226.17387836918
2025-04-12 19:57:09.626062,25539.54499988567,25557.609388808705,25537.783496527856,25550.48354926312,41508.81215550261
2025-04-12 20:57:09.626062,25438.36261312576,25423.112783235574,25339.2553582459,25400.242949834308,10957.728938490869
2025-04-12 21:57:09.626062,25471.035525888215,25449.424766944663,25442.253746122275,25449.397894474634,118027.70610327477
2025-04-12 22:57:09.626062,24431.7730305214,24469.681530883932,24344.14266675598,24440.294191256737,3256.3409934217266
2025-04-12 23:57:09.626062,24326.86199696523,24405.634766647734,24280.987036998715,24335.36130938991,81729.27156765807
2025-04-13 00:57:09.626062,24503.72032359329,24624.170271635867,24502.493359629847,24511.60411463812,17600.47253282674
2025-04-13 01:57:09.626062,25290.980491786642,25266.35587161933,25222.91849020117,25238.56635001129,52030.47441478337
2025-04-13 02:57:09.626062,24989.022810677405,25040.467789600985,24976.655158514324,24979.482260823606,23856.249226227137
2025-04-13 03:57:09.626062,24588.6347684539,24603.04338261397,24518.145289780114,24578.06517682049,68841.0522756299
2025-04-13 04:57:09.626062,24358.949429467237,24341.070773621246,24238.922884999556,24333.878636935184,14952.563496351868
2025-04-13 05:57:09.626062,24787.735334931043,24804.282344417446,24774.700965387627,24781.817705521993,7342.095525661061
2025-04-13 06:57:09.626062,24940.774502918084,25019.706992005187,24856.529771905116,24947.23688869403,91172.10720849164
2025-04-13 07:57:09.626062,24680.563569795926,24701.542203747533,24647.90292660892,24685.410546431318,19663.49901312602
2025-04-13 08:57:09.626062,24939.49760631103,24956.271865951454,24936.571590476935,24941.28343361628,27489.47473887885
2025-04-13 09:57:09.626062,24991.272069760023,25023.302989103213,24971.228380780674,24992.202335426253,75716.54033543351
2025-04-13 10:57:09.626062,25497.412168276005,25536.905356275598,25434.851459093738,25478.87298755169,7848.241381982584
2025-04-13 11:57:09.626062,25124.975513977945,25175.883046862535,25059.380732090245,25123.67044266207,39954.27273894426
2025-04-13 12:57:09.626062,24979.829119494207,24965.323680687106,24909.535187515517,24961.541293953185,12211.156053963761
2025-04-13 13:57:09.626062,24766.28575970249,24801.49828095117,24739.37818778014,24768.2849709605,19299.426209158766
2025-04-13 14:57:09.626062,24047.67753857861,24097.333994348937,24039.558005383227,24045.78669356566,23677.46344869339
2025-04-13 15:57:09.626062,24142.262498769585,24265.77288674042,24162.545981102227,24190.600172593706,4913.67856352253
2025-04-13 16:57:09.626062,24341.605373632912,24359.101948975807,24284.93861244088,24319.32090685599,10108.813612234171
2025-04-13 17:57:09.626062,24332.66802363662,24342.551706075446,24282.618472517875,24324.239954807304,85056.65921549249
2025-04-13 18:57:09.626062,24236.713673343456,24256.231239822133,24132.673029391426,24212.549304352237,53433.394175514106
2025-04-13 19:57:09.626062,23461.42822107182,23570.501488690847,23479.1938569443,23529.575881766003,20689.061769771026
2025-04-13 20:57:09.626062,23382.706805268746,23386.49845664334,23299.9276644393,23333.976718527832,28088.723013093342
2025-04-13 21:57:09.626062,23173.137084018454,23231.504770816453,23159.619580628514,23176.37226520494,16411.82670334859
2025-04-13 22:57:09.626062,22832.086486975943,22881.74063706202,22747.827496292444,22806.812369403615,85526.65714693
2025-04-13 23:57:09.626062,22711.88198437706,22776.476961444318,22709.49760314377,22735.52479136391,18027.387750586975
2025-04-14 00:57:09.626062,22935.570221368165,22950.790341623346,22900.86747494083,22921.524509284623,27773.624550148445
2025-04-14 01:57:09.626062,23763.44261099971,23804.13647140535,23699.54153033268,23788.50178900884,69288.2171580218
2025-04-14 02:57:09.626062,23859.047708995928,23902.740451956746,23818.466816968827,23873.939531445172,10123.639526101086
2025-04-14 03:57:09.626062,24045.237190553897,24025.418486759543,23985.71150283252,23999.30177448662,104693.17248834786
2025-04-14 04:57:09.626062,23961.39881624783,23973.77168408161,23951.5479141281,23965.96870469706,4767.315276217204
2025-04-14 05:57:09.626062,23053.672620223282,23050.54734803196,22992.90743567508,23048.661083620926,112380.09737131222
2025-04-14 06:57:09.626062,23058.78903064836,23084.922043137216,23020.820600594725,23038.74376314444,15173.783015627614
2025-04-14 07:57:09.626062,23080.234991432266,23102.980062616374,23057.197816110434,23068.80020499339,17279.934505756206
2025-04-14 08:57:09.626062,24211.229166869147,24232.435213034223,24198.182313830275,24207.58788800287,3327.544184661124
2025-04-14 09:57:09.626062,24125.678467082613,24127.90297953398,24080.422086656108,24116.876747568465,13977.515511140966
2025-04-14 10:57:09.626062,24323.054281778604,24312.99128722244,24213.842833810275,24264.736037015547,7786.863833006221
2025-04-14 11:57:09.626062,24248.91979793637,24374.591879374006,24170.02877728236,24250.317072033744,11996.301280415775
2025-04-14 12:57:09.626062,23690.6890615009,23694.975183231367,23663.01864149784,23685.92584439303,19200.450748239662
2025-04-14 13:57:09.626062,24255.127775838973,24346.584520435164,24200.005560022462,24229.670765735136,57399.542648107235
2025-04-14 14:57:09.626062,24623.667570766247,24635.072529544133,24572.311574565207,24596.47552920934,27108.52007588929
2025-04-14 15:57:09.626062,25017.728728294613,24989.02969465131,24970.174210972527,24988.0671353276,29961.744195237276
2025-04-14 16:57:09.626062,24551.761188324628,24548.98987228755,24529.248722280026,24536.089246592423,7364.898969520962
2025-04-14 17:57:09.626062,25198.090084939668,25228.058074439235,25189.606235118616,25226.924583671884,9129.314698780145
2025-04-14 18:57:09.626062,24562.214723852725,24548.992539725034,24428.5163864884,24522.15945535823,133082.56690092655
2025-04-14 19:57:09.626062,24783.988119127247,24871.02941068287,24747.011163051862,24812.43173593733,10559.687512855437
2025-04-14 20:57:09.626062,25909.762433528234,25959.64974361742,25898.1584620554,25901.92359283113,115405.61076912766
2025-04-14 21:57:09.626062,25372.22575788197,25427.706895591375,25370.48110515966,25391.377861001238,17273.672510156168
2025-04-14 22:57:09.626062,25104.725127261958,25142.397429530913,25101.854720892785,25106.335406103914,22076.918636443705
2025-04-14 23:57:09.626062,25167.15494678568,25180.94677174934,25156.993180584344,25158.88365155585,64238.960066198
2025-04-15 00:57:09.626062,24916.066217247546,24909.03905770055,24821.820093635808,24908.061831854997,78581.56602276764
2025-04-15 01:57:09.626062,24148.256579249562,24170.555371833507,24065.902371796165,24138.072225610347,19716.032963122063
2025-04-15 02:57:09.626062,24212.594781076252,24202.19813282531,24171.587616172514,24173.58559359032,14939.39475986719
2025-04-15 03:57:09.626062,23673.14087135597,23679.16406946789,23641.444161810476,23662.409157146743,20828.542309757475
2025-04-15 04:57:09.626062,23883.069521439753,23916.307588668613,23843.43919668031,23888.902155410804,30882.88815905851
2025-04-15 05:57:09.626062,23474.620116441623,23456.787803986022,23404.11370919263,23452.010334207847,53707.27181453318
2025-04-15 06:57:09.626062,24210.100075767587,24256.251845799245,24158.438721732182,24181.337088917582,22119.831962914563
2025-04-15 07:57:09.626062,23775.72983854354,23863.946756225043,23792.210617695404,23804.95298486673,40900.03910010218
2025-04-15 08:57:09.626062,23668.13119656354,23723.42598127345,23613.941262801232,23654.000295134996,113364.06492514645
2025-04-15 09:57:09.626062,24058.081476418407,24049.146529880993,23938.942121527656,24041.224425159704,32251.17037505428
2025-04-15 10:57:09.626062,23444.82044281244,23454.18565853097,23447.15096304469,23451.79884223603,30081.115325142207
2025-04-15 11:57:09.626062,23593.243710357026,23568.99906202976,23532.42500365466,23560.830914740338,4822.69980094102
2025-04-15 12:57:09.626062,24175.50617192909,24190.931540445654,24158.23089818628,24179.13438613334,1586.4750162290252
2025-04-15 13:57:09.626062,23407.140253121328,23414.64897750155,23382.199219031256,23404.20123653371,32479.867967592254
2025-04-15 14:57:09.626062,23488.89984580906,23562.968437928674,23459.717354345208,23492.96581626072,20033.79284044403
2025-04-15 15:57:09.626062,23617.791401836508,23693.041919245155,23583.784041410872,23617.423464872594,13163.686898273552
2025-04-15 16:57:09.626062,23962.77941534765,24028.827803538126,23983.768523638664,23989.078043964833,28100.15030349462
2025-04-15 17:57:09.626062,23364.316482856975,23402.84272096148,23356.05151992038,23398.010808973388,20735.371120893495
2025-04-15 18:57:09.626062,22818.75614704706,22857.301114259288,22744.06457966385,22782.429447939758,68035.18321910995
2025-04-15 19:57:09.626062,23003.03043604075,23030.62685524961,23005.52946135392,23022.529628776836,24007.243307104804
2025-04-15 20:57:09.626062,23138.61643864034,23238.543194353784,23026.917777959912,23161.578650515792,10436.62689550186
2025-04-15 21:57:09.626062,23229.800232201833,23280.903477487354,23262.479342239425,23279.9310054744,59288.239247014724
2025-04-15 22:57:09.626062,23428.585265715083,23454.381710124573,23394.870468118712,23443.564806856142,17727.438660751635
2025-04-15 23:57:09.626062,23096.465906952024,23185.352915823398,23051.611846794847,23127.06509072503,37292.096148436336
2025-04-16 00:57:09.626062,23274.95991030122,23265.449264027055,23179.297042363218,23236.804724670183,13664.948010855242
2025-04-16 01:57:09.626062,23398.934569249475,23392.870440018003,23370.214843571342,23375.329761787,11500.814230562539
2025-04-16 02:57:09.626062,23027.84576314286,23058.345960364164,22982.469685454915,23043.70329551985,23960.651192682206
2025-04-16 03:57:09.626062,23959.741244168326,23967.172434215605,23890.92084073302,23905.894750872667,22310.855741384003
2025-04-16 04:57:09.626062,24158.52808549068,24161.752900694668,24105.55762269572,24134.83333908407,35590.251154625934
2025-04-16 05:57:09.626062,23554.554850376408,23614.585403645175,23540.72437570083,23562.2085951929,16837.338798069126
2025-04-16 06:57:09.626062,23814.291160909852,23885.731969029453,23852.041268534413,23873.961877663558,3510.9439651019256
2025-04-16 07:57:09.626062,23464.592175762307,23434.286710961016,23378.436491548116,23410.959013094034,14288.726038809738
2025-04-16 08:57:09.626062,23748.781643256792,23836.057874108057,23726.92250760441,23781.82821695638,48718.712092132126
2025-04-16 09:57:09.626062,24295.235586448463,24412.20261070286,24250.014342527025,24335.276820435658,16360.479528446147
2025-04-16 10:57:09.626062,23962.75829717818,23986.878937555724,23919.611514628916,23938.279720143186,17216.381072181583
2025-04-16 11:57:09.626062,24461.439499449,24441.477829007483,24394.19128080823,24401.90489326639,59063.977860864055
2025-04-16 12:57:09.626062,24639.859039386625,24667.68531545829,24601.04289717898,24605.797902172886,10807.836725869349
2025-04-16 13:57:09.626062,25026.91235538204,25024.514392497807,24991.998403856815,25012.80740516815,4708.839574230031
2025-04-16 14:57:09.626062,25979.6333525078,25988.40827301243,25915.079974375472,25964.19103716062,18757.873822967034
2025-04-16 15:57:09.626062,25861.413090850165,25890.38556457127,25807.927991514123,25839.361377821388,13572.840442902456
2025-04-16 16:57:09.626062,25471.74066359409,25456.290366599682,25385.375690850586,25452.42409127185,8381.261174030404
2025-04-16 17:57:09.626062,25009.19375763684,25018.15712377408,24963.35861036484,25002.163363718282,18483.27492592418
2025-04-16 18:57:09.626062,24599.28614538926,24604.18863832366,24547.420630603665,24596.723139684505,36008.332437257326
2025-04-16 19:57:09.626062,24559.716458295396,24602.27813756986,24524.292318295877,24561.253823997373,21822.81886883004
2025-04-16 20:57:09.626062,24712.64583562831,24834.646340324096,24658.741367560215,24731.292354300364,29940.91063034401
2025-04-16 21:57:09.626062,24863.643340259172,24950.590970078167,24845.683536095064,24870.623904535303,135050.9911753813
2025-04-16 22:57:09.626062,25241.75656473138,25293.904405993337,25235.241539550723,25284.562236663885,15632.715401716878
2025-04-16 23:57:09.626062,25291.178266136285,25396.034473950516,25267.581386852147,25293.665635775178,29095.78608634974
2025-04-17 00:57:09.626062,26005.76459257805,26031.853121390297,25980.5595124357,26031.499101095196,13237.20411197175
2025-04-17 01:57:09.626062,25867.735073223565,25906.15658970806,25869.27083406284,25896.313968674658,9448.774032988937
2025-04-17 02:57:09.626062,27312.663200421113,27327.2727567767,27247.473214733836,27307.750695789782,12272.206453288149
2025-04-17 03:57:09.626062,27690.68474552625,27662.169281022616,27633.898735050305,27652.19282988461,13646.541908470585
2025-04-17 04:57:09.626062,27205.8730116128,27255.542876516163,27138.49928020073,27180.912328455288,31554.635968750637
2025-04-17 05:57:09.626062,26559.69608709734,26719.15129063065,26530.683210949883,26601.47371762814,230746.68514676328
2025-04-17 06:57:09.626062,26834.2411838529,26943.201994195722,26796.52995348872,26860.82341047135,10763.935974598364
2025-04-17 07:57:09.626062,26768.62108264799,26819.62469136942,26695.66046481898,26743.4616045034,14521.341797197614
2025-04-17 08:57:09.626062,27101.379896367485,27142.50035294303,27079.584682813103,27128.032846650814,20679.062354206275
2025-04-17 09:57:09.626062,27381.353624718653,27411.01763448178,27287.288298759846,27387.505766409522,32721.866990795912
2025-04-17 10:57:09.626062,27365.39659046524,27382.54675043231,27327.942326256456,27350.352471679133,28668.401780276505
2025-04-17 11:57:09.626062,26863.846702333245,26975.832134997043,26851.57685128626,26889.88537372681,79546.40125389665
2025-04-17 12:57:09.626062,26080.640968827807,26101.99797631901,25958.891652751638,26077.89299765396,1946.149199154098
2025-04-17 13:57:09.626062,25813.136023516614,25952.264565416976,25815.68827260016,25847.617404116598,2024.4839950386256
2025-04-17 14:57:09.626062,26277.107822404963,26364.603182303184,26212.198154059373,26292.91953347741,13414.906969043219
2025-04-17 15:57:09.626062,26416.57666064107,26418.151388133054,26308.8367115854,26408.131817171485,65992.75138939697
2025-04-17 16:57:09.626062,25711.795871987862,25786.91576846694,25716.111263678522,25752.819952793434,4602.48644697916
2025-04-17 17:57:09.626062,25855.97706925093,25866.60694201105,25747.25467679893,25844.593178842784,1088.295141408926
2025-04-17 18:57:09.626062,26045.83356375026,26047.342515872533,26026.94995558929,26046.345056637256,38994.63713194586
2025-04-17 19:57:09.626062,25602.66197863605,25621.353982933873,25566.144177391743,25588.52457585953,28103.719797689006
2025-04-17 20:57:09.626062,25675.503222397736,25694.802525784864,25660.248579871917,25669.75540134539,7404.117868969379
2025-04-17 21:57:09.626062,25737.26786713571,25794.957903424456,25680.336704717058,25702.206448180215,8221.109045110737
2025-04-17 22:57:09.626062,25120.3847914694,25126.829450161065,25106.072882553326,25117.23949764542,8351.99975146875
2025-04-17 23:57:09.626062,25288.62009942951,25335.902846826415,25234.77454802742,25299.483837977146,24600.826464498463
2025-04-18 00:57:09.626062,25588.894042758468,25651.943723467823,25537.033481405022,25585.76496758976,11774.420742327136
2025-04-18 01:57:09.626062,26156.740624263843,26192.544782771995,26107.140693700087,26142.53743520129,36100.569469520764
2025-04-18 02:57:09.626062,26697.437255767076,26721.35572237317,26654.87884239193,26696.132880837096,1268.2247121699656
2025-04-18 03:57:09.626062,25964.287495429457,26040.2985061566,25920.124675973537,25963.233603868353,9350.154393986244
2025-04-18 04:57:09.626062,25460.964574134585,25496.97175412126,25432.96827333526,25478.85051541127,7143.413619775385
2025-04-18 05:57:09.626062,25726.782911317056,25759.96716916941,25720.6159795815,25743.848532130298,17045.80347004753
2025-04-18 06:57:09.626062,25974.476362069396,26010.996333397547,25949.39185934072,26010.959470947917,12860.967670621816
2025-04-18 07:57:09.626062,26327.47975490342,26347.22343413842,26219.576898772524,26281.498256777253,48915.21537342639
2025-04-18 08:57:09.626062,28274.0247059322,28343.46426163585,28214.841838947403,28309.237525712393,3431.192777802608
2025-04-18 09:57:09.626062,28615.45640404216,28685.829691095732,28548.06116726683,28635.297950832726,23051.623420398715
2025-04-18 10:57:09.626062,29267.46561361031,29314.988791088785,29245.416150039084,29288.5066896138,38497.03187744772
2025-04-18 11:57:09.626062,29876.975007400706,29878.323042769578,29743.88695496849,29850.261280922245,141018.6509088572
2025-04-18 12:57:09.626062,30233.21038140272,30258.211736125795,30141.930658232595,30242.130288002034,13605.562955108078
2025-04-18 13:57:09.626062,30091.96645157298,30080.716986703825,30022.942211985617,30054.46622958657,30468.803538889297
2025-04-18 14:57:09.626062,30493.129294969192,30517.715871218596,30468.80634337813,30513.679972341743,3626.9132002358597
2025-04-18 15:57:09.626062,30053.47892145098,30171.26920253984,30001.742683088247,30045.096514919864,2014.3337925883477
2025-04-18 16:57:09.626062,29880.814547863974,29920.57126720898,29842.985676631004,29905.79626665071,51265.555647813715
2025-04-18 17:57:09.626062,29682.019242101505,29639.71016227447,29573.611464067388,29618.483178744653,21904.332041390986
2025-04-18 18:57:09.626062,29634.70880394875,29708.36984270265,29588.61732003403,29669.944783466286,71575.82739976532
2025-04-18 19:57:09.626062,31056.046441514012,31092.636619610297,31003.260482229485,31046.42761526024,5578.064386348828
2025-04-18 20:57:09.626062,29909.037635752593,29900.927600355637,29873.131295684587,29890.093985215874,37045.49902462745
2025-04-18 21:57:09.626062,30315.87011724949,30342.68695814675,30243.4589214539,30303.330626386516,142745.39110880787
2025-04-18 22:57:09.626062,29323.513422368185,29406.452628182335,29279.27321901273,29328.947714427537,33513.566579532155
2025-04-18 23:57:09.626062,29051.283361257778,29137.54859649433,28982.439816051963,29055.05530886877,29044.415480032152
2025-04-19 00:57:09.626062,29692.05200638462,29726.40526429289,29644.47229610712,29690.751210869905,22215.73456121243
2025-04-19 01:57:09.626062,29727.520079637776,29842.88225083005,29729.570478914145,29731.89072708686,4578.462595301761
2025-04-19 02:57:09.626062,29122.039212058986,29152.62131553734,29069.678799374557,29093.99611677791,85440.280373215
2025-04-19 03:57:09.626062,28744.083962718392,28719.95595386773,28564.481536060302,28680.684649599065,11957.839414155625
2025-04-19 04:57:09.626062,29057.17112246145,29119.351608425244,29011.112695509903,29073.37929257948,36478.67989275048
2025-04-19 05:57:09.626062,28612.355058439844,28764.49536977216,28542.071670083442,28651.602108377614,4614.531815809494
2025-04-19 06:57:09.626062,28775.964350853537,28829.88021010534,28704.805782177475,28778.504976221324,6771.922747084464
2025-04-19 07:57:09.626062,28881.927882406722,28877.39455864602,28796.695692571648,28807.612615147897,92511.42220942723
2025-04-19 08:57:09.626062,28412.219824033957,28476.631029754895,28377.778883964827,28435.072368534926,15563.717935214501
2025-04-19 09:57:09.626062,29705.791564564264,29658.0265803364,29582.745047594934,29657.179982452944,94209.4219291977
2025-04-19 10:57:09.626062,30086.54238573487,30093.45604757568,30025.05472791797,30036.150711234906,20368.998466771285
2025-04-19 11:57:09.626062,28806.64871243035,28846.068260798405,28768.538230103662,28822.60456741427,3491.5541352754344
2025-04-19 12:57:09.626062,28949.431177242855,28972.683268575118,28932.24552257904,28932.96880756076,53748.31516502916
2025-04-19 13:57:09.626062,28599.408628966143,28558.96035184151,28389.11063487152,28552.913161593322,12211.18583343529
2025-04-19 14:57:09.626062,29031.546713361742,29076.50324783888,28945.63677258277,29042.55755259916,44297.73444446664
2025-04-19 15:57:09.626062,28579.305855116298,28698.118828420316,28524.597449990764,28585.125225203217,22588.831180221518
2025-04-19 16:57:09.626062,28505.797697696802,28611.62044109204,28512.531190162415,28522.388626781227,4707.35647769571
2025-04-19 17:57:09.626062,28784.071234110925,28906.50422775403,28768.826585074534,28813.309734097136,25959.548158516263
2025-04-19 18:57:09.626062,29296.062882441583,29321.21492510218,29289.222592850256,29315.096516341087,198039.7688235752
2025-04-19 19:57:09.626062,28579.269741478976,28665.7280638451,28572.334434669276,28614.29192557157,36061.69348072694
2025-04-19 20:57:09.626062,28426.691881756575,28501.35328787641,28412.70425847187,28425.72303452778,20795.299342384915
2025-04-19 21:57:09.626062,28136.87099788005,28169.203042239555,28053.92069891492,28158.55232939905,64559.55447382094
2025-04-19 22:57:09.626062,27799.929789816837,27844.66371652592,27759.899440091485,27793.432076956935,27191.73824636797
2025-04-19 23:57:09.626062,28732.79717131653,28784.91317841755,28760.4115169223,28777.57207040919,27160.913911084644
2025-04-20 00:57:09.626062,29023.13764117383,29101.225535986174,28976.478053425828,29013.537635103767,7393.635398607533
2025-04-20 01:57:09.626062,28308.361095008684,28366.87729212785,28224.927609151517,28284.78490761531,27829.392513065042
2025-04-20 02:57:09.626062,28749.410709537384,28807.540429920682,28785.664006319545,28806.843941052655,62034.34215581024
2025-04-20 03:57:09.626062,30043.610881116732,30107.60177749752,30023.48211857252,30032.377073164374,9546.576121674027
2025-04-20 04:57:09.626062,30693.162872479872,30677.82268600974,30601.508801084023,30655.52803126799,91536.75103203698
2025-04-20 05:57:09.626062,29691.092751210625,29779.78090724218,29684.707365361926,29727.05181244772,20096.359853993206
2025-04-20 06:57:09.626062,29491.371579609804,29466.9037349051,29372.247506191517,29442.12749016001,9065.492834591712
2025-04-20 07:57:09.626062,30203.733532016267,30348.330967210375,30104.353851774606,30191.08289437018,59732.53207967974
2025-04-20 08:57:09.626062,29745.8099087093,29778.639950435314,29752.620283197197,29766.79585269339,16534.52278770242
2025-04-20 09:57:09.626062,30032.3192103867,30060.228184781034,30031.230886054014,30033.994178540415,47075.82541843889
2025-04-20 10:57:09.626062,30519.334928573935,30526.96851456763,30447.119024430565,30502.304670982187,16452.64227214773
2025-04-20 11:57:09.626062,29942.160181038435,30013.882940790543,29869.660179196344,29939.88458839145,20747.351033432784
2025-04-20 12:57:09.626062,29923.34763307542,29971.299439080864,29867.433376492394,29907.234931038824,36082.38966322399
2025-04-20 13:57:09.626062,27945.726176386426,28009.532078973418,27862.88133360089,27971.478778256947,29463.192681700395
2025-04-20 14:57:09.626062,27405.843873079564,27466.55546402164,27353.068964533195,27401.203182728957,2994.307363554518
2025-04-20 15:57:09.626062,27226.984203516175,27362.51814419708,27244.916707041142,27265.529878371024,7177.857792294337
2025-04-20 16:57:09.626062,26584.869779485693,26604.824733687354,26575.51975045316,26587.827038767035,55793.351068477976
2025-04-20 17:57:09.626062,27433.71123338843,27486.219284822084,27423.02790327555,27458.53120957216,19300.058598854645
2025-04-20 18:57:09.626062,26656.264516997995,26680.234808451598,26664.379179096333,26675.885429476468,13046.415454822132
2025-04-20 19:57:09.626062,26476.468469628155,26462.169253720433,26397.612707145785,26443.781491799386,5661.397137075466
2025-04-20 20:57:09.626062,26544.508086500857,26541.409662641352,26468.82932661841,26515.571375105865,7482.061830127233
2025-04-20 21:57:09.626062,27299.165466774994,27319.41670194143,27243.197809281795,27282.5466275887,2916.6802856490954
2025-04-20 22:57:09.626062,26472.847111085648,26503.605561203265,26453.22954303017,26501.7953604446,19904.861578405205
2025-04-20 23:57:09.626062,27112.3827923832,27179.93841072636,27047.4422635045,27120.964094586598,12107.282613503123
2025-04-21 00:57:09.626062,27162.13720323988,27188.141992980498,27065.733628238708,27129.22680060585,8378.398865193969
2025-04-21 01:57:09.626062,26603.157890480798,26635.530134783065,26592.24389790798,26599.38830726518,20575.916621992714
2025-04-21 02:57:09.626062,26910.15072607334,26909.567013669086,26843.6075731213,26847.88164109721,31696.788033034947
2025-04-21 03:57:09.626062,26968.055899376774,26993.3772281094,26927.5810794806,26957.45305218671,178652.51340136636
2025-04-21 04:57:09.626062,26641.657956189527,26661.18609695049,26590.636850960265,26636.542431749163,4856.710230752368
2025-04-21 05:57:09.626062,26668.145698051583,26768.46840293655,26674.789546955933,26676.39180996556,70219.47992298006
2025-04-21 06:57:09.626062,26477.019212550083,26509.358913410866,26359.521737240877,26473.48391955473,58285.088107236115
2025-04-21 07:57:09.626062,26532.18928478039,26599.609596320108,26489.71959382023,26536.235260228674,10106.229153838223
2025-04-21 08:57:09.626062,26909.33924412281,26943.06565781807,26806.31995467264,26890.297990796782,26990.38457175153
2025-04-21 09:57:09.626062,27772.500937376983,27771.726997437763,27662.52867491666,27745.956316687123,13937.896143664664
2025-04-21 10:57:09.626062,27040.57309343964,27086.85185623217,27043.976100563887,27061.843417147433,26520.905305326025
2025-04-21 11:57:09.626062,28181.45980805672,28263.238939409857,28207.079833166288,28219.0259052591,99621.27382689629
2025-04-21 12:57:09.626062,27070.329360362633,27133.77101748181,27086.079037050014,27120.127484168308,40360.47456227966
2025-04-21 13:57:09.626062,27054.247219364956,27072.824836199703,27024.933437760432,27040.510874365493,36629.46950842253
2025-04-21 14:57:09.626062,27331.19324567282,27439.218894614438,27283.7569233144,27361.382881843383,14323.984944438762
2025-04-21 15:57:09.626062,27458.64254480649,27613.587225561078,27380.967074006716,27517.885541727217,4993.754622022783
2025-04-21 16:57:09.626062,27188.490610069544,27231.136518885785,27108.519296652263,27177.92984801516,17881.67616285085
2025-04-21 17:57:09.626062,27135.00031939712,27072.139703831104,27049.222087251354,27067.52100259954,73615.29936074742
2025-04-21 18:57:09.626062,26803.178770921048,26846.669935942467,26738.637064805585,26803.341491636216,4783.042567598275
2025-04-21 19:57:09.626062,26512.294619065517,26534.080011310238,26433.112699982434,26490.082928915162,7668.763216059702
2025-04-21 20:57:09.626062,26945.057253681975,26971.00857831511,26852.518917088008,26942.8525373414,24990.91745984367
2025-04-21 21:57:09.626062,27135.243474230552,27160.636055296516,27086.608940807222,27137.927134433205,8228.386431991938
2025-04-21 22:57:09.626062,26789.157001142055,26839.58465958631,26702.82049098794,26764.558325007984,9971.402777267162
2025-04-21 23:57:09.626062,27240.87301958184,27284.23059393374,27186.801774010975,27248.78264754455,14420.432713674454
2025-04-22 00:57:09.626062,27426.309906903072,27501.4041351532,27400.412734925572,27418.978282850534,5621.661815070412
2025-04-22 01:57:09.626062,27876.44206261218,27926.107408759897,27815.201917189803,27867.477156346766,8315.513568191536
2025-04-22 02:57:09.626062,28202.332945654904,28277.520163151545,28208.960423459597,28221.187251448067,44508.164213001444
2025-04-22 03:57:09.626062,27783.64013301871,27777.41999530519,27699.16310331802,27756.10490149825,5958.834681887657
2025-04-22 04:57:09.626062,27443.10935773572,27461.646583983496,27387.48114073211,27447.911637677647,4456.539582516397
2025-04-22 05:57:09.626062,27839.833673350426,27972.091548104592,27801.747927516502,27860.889405657916,11730.82205334592
2025-04-22 06:57:09.626062,28218.916271931444,28379.207610384634,28173.775487290564,28203.78466383336,45796.159025335604
2025-04-22 07:57:09.626062,28169.482822698676,28229.027849963903,28174.421027792774,28194.81496119383,18089.341782248233
2025-04-22 08:57:09.626062,28264.591426387877,28274.15058325847,28164.23919998204,28263.794919935393,13841.393657308456
2025-04-22 09:57:09.626062,28988.590121980036,29019.843884162405,28988.83628522729,28988.85447124668,23025.528116484595
2025-04-22 10:57:09.626062,28679.883395143723,28699.634297737084,28581.05532968482,28648.7738186875,3844.091476949272
2025-04-22 11:57:09.626062,28978.86176618702,28983.68842609663,28939.073954144853,28965.112078668102,36123.74389635431
2025-04-22 12:57:09.626062,28850.155883359555,28954.4647804784,28730.509355513586,28850.87793309135,32319.790527280387
2025-04-22 13:57:09.626062,28751.650063182766,28741.376162280692,28669.852804063823,28728.157144431916,14627.98166578836
2025-04-22 14:57:09.626062,29403.16639751536,29391.576451798082,29341.119851450036,29362.346641557404,60229.919638697116
2025-04-22 15:57:09.626062,29866.656736518187,29889.761781439363,29825.144261921938,29850.006095473465,7133.119255975635
2025-04-22 16:57:09.626062,30338.970532526688,30364.237190634893,30335.385646560193,30338.65644794992,68043.94281068165
2025-04-22 17:57:09.626062,31092.97730137014,31186.0586188872,31072.654048931363,31133.8197742014,25706.358830634945
2025-04-22 18:57:09.626062,31116.8334494554,31188.466640608534,31080.119981765427,31150.01175257803,15731.925691176715
2025-04-22 19:57:09.626062,31568.345234451102,31613.243702441006,31431.459199351408,31577.983615164158,21593.04097398409
2025-04-22 20:57:09.626062,31366.05978647268,31454.246540440272,31372.878196410747,31385.18944240491,19786.10562400226
2025-04-22 21:57:09.626062,31585.901647441315,31619.577686369783,31534.686104627188,31591.808409023215,74628.8840131373
2025-04-22 22:57:09.626062,31514.52369534653,31561.831345765382,31415.114525128138,31512.73850107714,7504.970944159232
2025-04-22 23:57:09.626062,31593.74806426493,31605.93215221693,31560.72971809638,31577.021944536747,10275.120439004986
2025-04-23 00:57:09.626062,31953.79251363394,32063.065688147457,31885.494266839905,31956.045375784535,62087.6820816006
2025-04-23 01:57:09.626062,31451.592845862022,31436.650870948455,31406.424003964876,31436.299034705826,12142.47681508698
2025-04-23 02:57:09.626062,32757.092764732595,32798.79014682717,32754.82343097973,32754.98090650653,54205.251687202486
2025-04-23 03:57:09.626062,32035.803876496604,32169.300283990222,32061.384487489253,32099.214802144452,120503.72966476985
2025-04-23 04:57:09.626062,31293.511960577187,31347.184899188214,31254.515161478266,31322.934701780843,14738.302157615073
2025-04-23 05:57:09.626062,32046.95738742412,32096.161782679545,31998.065430092105,32051.575620612322,43536.82133843145
2025-04-23 06:57:09.626062,32522.87111563946,32617.558882166966,32502.752571209818,32562.261512205794,6948.685046115711
2025-04-23 07:57:09.626062,32991.75362607583,32991.3581327135,32870.041271370996,32971.97279231306,46851.265454388245
2025-04-23 08:57:09.626062,33440.73700780574,33394.40715476065,33283.4575531448,33389.62581030498,26887.693924394225
2025-04-23 09:57:09.626062,33425.474573807405,33486.13425147275,33346.45597937535,33384.78646963116,35349.455997220706
2025-04-23 10:57:09.626062,32782.03345112533,32812.44532006443,32697.24932894325,32789.03203625817,11549.852299713772
2025-04-23 11:57:09.626062,32890.98056193724,32900.50606827368,32753.865722847193,32842.02210120397,4183.554756922973
2025-04-23 12:57:09.626062,32405.336008290138,32437.792987730572,32312.012282218104,32400.51910550269,36433.79528371234
2025-04-23 13:57:09.626062,33024.511015362164,33068.72650040973,33025.80427344491,33035.646868468335,2797.8228706486298
2025-04-23 14:57:09.626062,32921.58113833263,32945.06698713524,32908.66248294299,32941.78771866106,16036.930660149617
2025-04-23 15:57:09.626062,32391.414443759964,32401.67253889131,32284.80628318285,32401.214829051143,56454.02485021783
2025-04-23 16:57:09.626062,32183.691302305346,32238.708765134073,32150.723016084943,32196.189116565765,26686.090027258764
2025-04-23 17:57:09.626062,32470.83773401486,32510.680475134064,32449.54767596124,32465.305119358156,154560.77208221483
2025-04-23 18:57:09.626062,32107.67668740542,32129.550443966484,32036.623777822726,32102.52185766899,61396.56405675879
2025-04-23 19:57:09.626062,31577.9213321367,31608.898915745263,31500.14365941666,31577.825145444906,11454.083828932757
2025-04-23 20:57:09.626062,31748.751353696658,31768.272481708962,31673.655539232725,31734.885171052905,22636.37443850605
2025-04-23 21:57:09.626062,31931.512302329156,32030.893829786644,31789.66313096422,31893.538379667647,21007.384493796955
2025-04-23 22:57:09.626062,31603.344118987687,31642.645103874263,31555.405541273096,31573.363501105418,4527.038430852625
2025-04-23 23:57:09.626062,31232.629328770123,31309.030750470116,31179.57169084888,31279.075564530885,8600.71900101109
2025-04-24 00:57:09.626062,31347.1065991009,31481.599168270423,31384.695573392346,31427.369622594422,12572.147031690685
2025-04-24 01:57:09.626062,30548.838467875354,30562.65312304407,30511.96042955946,30520.322722658126,2874.9181899127643
2025-04-24 02:57:09.626062,29623.702351509568,29687.507304378963,29633.43477522184,29664.249782641935,23097.81881021921
2025-04-24 03:57:09.626062,29234.401671657844,29302.96117549835,29221.037074160802,29240.97403093764,17170.157989716725
2025-04-24 04:57:09.626062,29084.997472734463,29155.003354903045,29094.12570837712,29119.070075937056,4134.435574764043
2025-04-24 05:57:09.626062,29250.245246101276,29343.11009716678,29298.526925597722,29303.048766740398,32998.35086055593
2025-04-24 06:57:09.626062,30186.964045515542,30253.05125772857,30134.796449165908,30170.627775088793,45065.52157182897
2025-04-24 07:57:09.626062,30714.466780978095,30765.559374378554,30681.000580164244,30691.167422853327,27640.420158371333
2025-04-24 08:57:09.626062,30578.423587313107,30612.049010768325,30591.25424015586,30596.062535586156,15929.560686716637
2025-04-24 09:57:09.626062,30508.232251004913,30610.076238563026,30457.260472686434,30587.48572011611,39792.835072081594
2025-04-24 10:57:09.626062,29960.87251121601,29985.844199315292,29949.778178320532,29977.247416190996,43487.1321415106
2025-04-24 11:57:09.626062,29980.88771508814,30075.610188697498,29910.42286754471,29969.14568377075,29953.563248922852
2025-04-24 12:57:09.626062,29755.055270781755,29823.480535150637,29730.388948135365,29799.125542285594,9656.511653979018
2025-04-24 13:57:09.626062,29999.93985085218,30056.190916756103,29893.21817492369,29994.440072726626,29044.974878541532
2025-04-24 14:57:09.626062,29500.7412786659,29581.00371164713,29395.349000102797,29501.192937480195,72800.68553467077
2025-04-24 15:57:09.626062,29827.83890087087,29901.334680974993,29729.75656608409,29810.569891134674,12129.19871199766
2025-04-24 16:57:09.626062,30731.061750242956,30795.767371356276,30683.814634722265,30727.387357942287,179501.58898087486
2025-04-24 17:57:09.626062,30633.783974482074,30702.21278188733,30543.833793551683,30663.62179246326,13021.655601534603
2025-04-24 18:57:09.626062,30950.036551890702,31007.87127416189,30880.53379481394,30913.046880963324,22751.96998415188
2025-04-24 19:57:09.626062,31337.858492036514,31376.414322460092,31331.68487530767,31342.827257059034,11243.150794869465
2025-04-24 20:57:09.626062,31093.604841194487,31200.63258741143,31069.548360948702,31094.453860938473,27536.587004081422
2025-04-24 21:57:09.626062,31207.77155276526,31306.67755113877,31228.735826534637,31236.923973049314,3857.514361990712
2025-04-24 22:57:09.626062,31234.06297682478,31325.147694747397,31243.074729466087,31247.9146227638,12758.566421607056
2025-04-24 23:57:09.626062,31284.37788605533,31321.84589533249,31237.228627152745,31312.082901988844,7389.968856456507
2025-04-25 00:57:09.626062,30825.79106027916,30864.93180791039,30741.655729619404,30831.123181556424,25218.631558903886
2025-04-25 01:57:09.626062,30902.124860249096,30859.192724762208,30737.81824344328,30849.319817910156,59542.60439247523
2025-04-25 02:57:09.626062,31116.914943825344,31190.933682837134,31054.800765560114,31159.66292100002,42024.42127089071
2025-04-25 03:57:09.626062,32015.3795307907,32138.785328528204,32001.446501566625,32067.12180066927,2055.6361460355424
2025-04-25 04:57:09.626062,32733.635611958573,32780.23958809946,32667.258091597985,32685.549601247396,169747.8963873372
2025-04-25 05:57:09.626062,34089.24001746578,34120.910811418726,34030.602707567006,34096.377196518115,29592.60981184028
2025-04-25 06:57:09.626062,33554.04626690265,33665.559505821555,33542.534278994055,33576.51139533657,10132.474678960107
2025-04-25 07:57:09.626062,34201.187751114354,34193.91134163802,34115.89492341193,34165.65872246089,25774.165163996688
2025-04-25 08:57:09.626062,34273.58610179141,34312.20760062299,34145.85689223262,34294.35529628409,26270.182309785618
2025-04-25 09:57:09.626062,35865.11300545978,35868.7469706757,35714.4996624125,35799.74232822596,11306.706034408267
2025-04-25 10:57:09.626062,35248.46455306551,35292.01538297691,35209.609231680326,35224.58489565756,26847.196131236196
2025-04-25 11:57:09.626062,34619.63072950844,34660.34552651818,34565.38780614523,34636.53028777443,11998.389511394062
2025-04-25 12:57:09.626062,34298.60970147108,34228.10654213835,34149.0779211489,34224.776310439396,14700.517956909238
2025-04-25 13:57:09.626062,32754.54972246441,32776.55147044856,32737.435583661365,32774.4016666464,11089.132617378662
2025-04-25 14:57:09.626062,32457.12140015444,32482.25362038994,32380.108147363128,32433.052981636636,5257.067865368863
2025-04-25 15:57:09.626062,31953.43705551252,31958.596274205287,31938.88410558541,31943.87649028956,25484.77439353865
2025-04-25 16:57:09.626062,32084.86598546053,32102.384778852065,31987.93501052922,32043.154088740648,39549.14823349945
2025-04-25 17:57:09.626062,32315.759939752956,32322.822367022352,32256.403519570984,32265.37719200103,36860.050308499594
2025-04-25 18:57:09.626062,33480.382402656396,33548.62979452479,33373.71741468658,33479.310925798905,50007.34895126553
2025-04-25 19:57:09.626062,34093.34365903168,34245.02991103002,34064.26634670654,34119.04956068993,30465.196418610918
2025-04-25 20:57:09.626062,33744.30768262871,33791.49593675092,33723.80334639682,33728.79337726022,12929.599564323085
2025-04-25 21:57:09.626062,33103.66732135542,33225.26580785185,33121.104384873666,33126.11740025778,51004.23076443536
2025-04-25 22:57:09.626062,33522.69600632973,33498.83099669387,33323.35332818956,33455.33745653305,5667.381424538078
2025-04-25 23:57:09.626062,32579.753721230205,32580.7420758375,32485.008078249106,32575.30604103477,8949.28229443479
2025-04-26 00:57:09.626062,33759.432612155506,33869.6843379922,33737.62088027469,33771.7701676237,8398.428874409963
2025-04-26 01:57:09.626062,34578.16768576097,34635.52363306465,34468.82036794694,34571.78295830994,64864.51955542895
2025-04-26 02:57:09.626062,34204.69515957577,34319.60811764792,34095.23725780855,34250.83536032802,56544.79948243577
2025-04-26 03:57:09.626062,33048.59296353499,33094.447780803464,33053.9791420294,33080.73466974436,35857.3998815759
2025-04-26 04:57:09.626062,34020.57440496211,33984.497210211885,33946.38726504258,33979.78459894059,64339.55376625169
2025-04-26 05:57:09.626062,33883.06956695715,33954.28330886694,33866.70595270618,33905.34179200689,9142.756611309434
2025-04-26 06:57:09.626062,34711.725857114536,34760.392408968866,34734.51878976221,34748.10402884972,31213.16125233641
2025-04-26 07:57:09.626062,33661.56695952772,33680.296552222586,33636.86107672423,33643.51207616736,19434.897545373547
2025-04-26 08:57:09.626062,33282.99185568617,33261.63638488279,33214.58804996388,33243.57481091701,51373.72345429749
2025-04-26 09:57:09.626062,33274.291029651016,33361.67140929553,33081.9892375687,33250.38555487545,19629.2438704434
2025-04-26 10:57:09.626062,33318.106451014595,33374.187416906316,33239.54774864853,33284.95305055643,14988.778671951492
2025-04-26 11:57:09.626062,32963.707718108715,33074.416306026455,32980.34850079983,32988.67338410422,37831.92184814542
2025-04-26 12:57:09.626062,33355.41949441321,33458.34306921348,33388.04949230504,33402.91211115309,52900.558063285716
2025-04-26 13:57:09.626062,32742.102905721622,32746.073782152078,32559.18356246693,32693.01977494944,11289.798452826157
2025-04-26 14:57:09.626062,32592.672377551036,32678.066869249044,32559.182762695924,32603.192770539972,20721.442830954755
2025-04-26 15:57:09.626062,32676.695072785227,32738.416843430805,32658.544531651452,32684.893523220166,7643.106170532902
2025-04-26 16:57:09.626062,33068.31246335466,33126.028293083924,32892.909679640325,33024.44958288089,1811.5515780737153
2025-04-26 17:57:09.626062,33516.39828371425,33572.97130720323,33442.02143163932,33497.76582111666,26915.55446597963
2025-04-26 18:57:09.626062,32762.58490497447,32807.74778207915,32711.62567749373,32747.655649199663,40493.84864517753
2025-04-26 19:57:09.626062,31814.888068533855,31810.771245512773,31736.82257845243,31746.157562968427,28625.889341904105
2025-04-26 20:57:09.626062,32539.605459613937,32578.23885082492,32505.809203740224,32560.55877277558,3135.1687590169868
2025-04-26 21:57:09.626062,32810.6362318618,32816.37645584262,32766.597802606164,32780.221427014425,15508.60902868455
2025-04-26 22:57:09.626062,32294.62947386397,32314.78551205444,32209.303407556334,32292.788361087863,2396.230699695522
2025-04-26 23:57:09.626062,33306.781631366204,33323.85674818693,33262.39796385032,33297.83808915262,86655.96280918461
2025-04-27 00:57:09.626062,33429.21970599489,33466.752687599714,33337.65737970493,33378.20217783565,7434.937241338115
2025-04-27 01:57:09.626062,34186.148531360785,34240.36756575857,34163.519294458885,34168.79639480213,77296.47325901745
2025-04-27 02:57:09.626062,34236.77338499632,34298.396667600675,34189.21044139401,34218.35377932537,56719.29001060359
2025-04-27 03:57:09.626062,35670.29931672927,35648.43098593606,35602.28056062603,35632.08364557575,8950.00748394871
2025-04-27 04:57:09.626062,36873.114031874975,36889.78332004636,36755.55390374005,36886.575888428946,7095.492829700473
2025-04-27 05:57:09.626062,36675.79131680054,36818.99933547926,36628.48854321968,36706.595846890355,31268.616831362095
2025-04-27 06:57:09.626062,37384.427305273166,37462.01820540624,37404.623716705806,37423.52775114026,9468.028330031542
2025-04-27 07:57:09.626062,37835.76980139594,37953.68875472567,37805.33890699847,37910.31499909974,24403.56829428776
2025-04-27 08:57:09.626062,39031.904091582495,38956.65600536738,38917.20644120383,38951.811099874845,13591.12668553248
2025-04-27 09:57:09.626062,38161.8489857976,38289.90553615989,38119.84607809557,38203.99595373776,3710.201940546763
2025-04-27 10:57:09.626062,38723.444898813534,38757.89346567696,38695.87401783632,38732.014497369855,2367.3630578534335
2025-04-27 11:57:09.626062,39544.8363825616,39600.452812501906,39449.283914494175,39555.78595020018,27630.74133879149
2025-04-27 12:57:09.626062,38180.10828959553,38246.21293731339,38128.50815913501,38168.37507545285,12562.133040513223
2025-04-27 13:57:09.626062,37299.3324722476,37270.686345470516,37261.63242541588,37268.9308185074,12668.959959483715
2025-04-27 14:57:09.626062,35783.4218665213,35765.12490865905,35590.16649127749,35752.657652472946,44172.77106992688
2025-04-27 15:57:09.626062,35542.856383270824,35579.61823016396,35500.35800357065,35563.59271181554,71213.82690375061
2025-04-27 16:57:09.626062,36071.48734544259,36104.179909738385,36036.118134019795,36077.51668185962,16771.818366052416
2025-04-27 17:57:09.626062,37175.65279214489,37174.923063362985,37070.282573837976,37165.15066570989,15668.401079367042
2025-04-27 18:57:09.626062,37214.68479026284,37285.439518421095,37128.030278132086,37223.942054333325,36320.69736517397
2025-04-27 19:57:09.626062,38501.92084222982,38473.71281432238,38417.630217612925,38440.134262481406,5670.680631239303
2025-04-27 20:57:09.626062,37401.30666224473,37503.069760025544,37372.07254484723,37382.95256891511,27533.34390356755
2025-04-27 21:57:09.626062,36139.68031095018,36239.507507855604,36068.785775171935,36113.14156542927,38249.50782387233
2025-04-27 22:57:09.626062,36100.54736545516,36176.30926447616,36066.46047912631,36076.63284130807,43487.56040232828
2025-04-27 23:57:09.626062,36400.02067546872,36451.32277875704,36241.83971795973,36357.35626836051,3175.585480067663
2025-04-28 00:57:09.626062,36343.7959317577,36387.34223780147,36286.68012910955,36337.21811189612,10287.087327331177
2025-04-28 01:57:09.626062,34793.17045802953,34873.39556538819,34758.84823574802,34838.34994325,9152.08267548668
2025-04-28 02:57:09.626062,34793.63891796834,34798.065908339944,34771.981380216544,34779.73787577428,24340.257710063983
2025-04-28 03:57:09.626062,33853.768445855996,33895.767879003964,33821.29588238705,33875.83370367183,35622.921776389376
2025-04-28 04:57:09.626062,34314.78664254954,34349.03142087097,34306.31385251554,34332.93560504381,98391.56988264744
2025-04-28 05:57:09.626062,34608.37799355553,34642.31470351296,34559.484420784116,34588.09677812761,13427.156231562552
2025-04-28 06:57:09.626062,33983.41156702451,33988.25836363488,33908.95862475592,33941.3825276195,13392.19698386151
2025-04-28 07:57:09.626062,33596.664232499796,33657.51026850128,33511.614664299865,33595.949593679994,69541.01621748194
2025-04-28 08:57:09.626062,32897.76028450102,32942.316784777766,32879.20699372973,32887.60350683285,29631.01626606248
2025-04-28 09:57:09.626062,32905.58215182102,32854.07852983938,32812.83341510756,32849.66496119781,78249.01427417995
2025-04-28 10:57:09.626062,33488.53256216096,33528.39999666265,33284.31338219845,33480.47203206846,29399.35466776472
2025-04-28 11:57:09.626062,32909.165657302874,32868.543651132895,32688.996055357868,32823.76861275929,6924.931098193768
2025-04-28 12:57:09.626062,33176.6962513201,33256.573166306945,33085.74238465749,33157.94511352907,5807.303597025723
2025-04-28 13:57:09.626062,32751.845898192718,32847.67849596133,32784.92328346378,32809.615847919944,4668.008204178837
2025-04-28 14:57:09.626062,32316.9471231603,32308.081745652948,32291.404315814532,32292.61974864914,42704.16924116281
2025-04-28 15:57:09.626062,32239.006682076106,32258.929623782642,32151.206035647017,32226.723196312538,72301.25911113668
2025-04-28 16:57:09.626062,31603.40458807216,31592.491842179075,31455.653340191762,31562.69651331783,139995.02165980748
2025-04-28 17:57:09.626062,31237.373754038,31221.101576875306,31097.906591101455,31216.35948297952,51180.06257319045
2025-04-28 18:57:09.626062,30467.39440347827,30516.87484372626,30462.063959279854,30471.613380692466,70462.68638378702
2025-04-28 19:57:09.626062,31633.251427693285,31702.575039141317,31607.19285373524,31672.02743502169,12332.380797571432
2025-04-28 20:57:09.626062,31690.90648008842,31775.99368995278,31686.419684905908,31697.532001475294,6929.785804440597
2025-04-28 21:57:09.626062,31230.525509371055,31311.444935020205,31173.545972014806,31257.110321038574,51538.2398468615
2025-04-28 22:57:09.626062,31375.778950146327,31449.715129617893,31368.146336689464,31394.003905596786,33445.77508638426
2025-04-28 23:57:09.626062,31345.052930305457,31374.43710084993,31318.349048190674,31326.61476137331,24524.904105164696
2025-04-29 00:57:09.626062,31243.389329574944,31193.66949350691,31162.946961384125,31191.302832478403,32447.266478489037
2025-04-29 01:57:09.626062,31590.017915375676,31620.71087129201,31563.74608151988,31577.555153375222,30430.03772005293
2025-04-29 02:57:09.626062,32020.778782865505,32072.538571525558,32053.257360402164,32059.117738753073,79524.2161447232
2025-04-29 03:57:09.626062,31736.27943943823,31790.25007174551,31717.04439165584,31722.17567549116,80417.37870181056
2025-04-29 04:57:09.626062,31397.550137156653,31508.285940445392,31356.746090315253,31360.023745321047,37957.422588946254
2025-04-29 05:57:09.626062,31171.62766918553,31239.678018702736,31124.485275744886,31190.647192618246,51318.30923058011
2025-04-29 06:57:09.626062,29753.80998326812,29839.991731814873,29715.124395534767,29757.79803904774,36829.79901871039
2025-04-29 07:57:09.626062,28859.422713056603,28876.53462745019,28784.855194829495,28858.99882646215,13888.692071077356
2025-04-29 08:57:09.626062,29627.544307557662,29693.607019799423,29592.83112374012,29650.817183946852,46937.14639329405
2025-04-29 09:57:09.626062,30649.13136428398,30643.417543903288,30500.28612610725,30629.27500459568,5461.642955853185
2025-04-29 10:57:09.626062,30476.09559205282,30568.372201867674,30409.459700749798,30479.782065263582,63189.38153269514
2025-04-29 11:57:09.626062,30847.232642944986,30916.84659177895,30748.80243794743,30834.29665511311,6670.6798498780645
2025-04-29 12:57:09.626062,31001.78539471591,31072.32526923293,31010.570758276892,31029.323676761527,29313.495516483326
2025-04-29 13:57:09.626062,32928.72714315525,32983.05630621343,32771.62738180594,32943.13839248374,9460.173871931927
2025-04-29 14:57:09.626062,33708.41168196139,33799.910253496615,33659.7381043098,33684.078931285825,38307.04048981694
2025-04-29 15:57:09.626062,33588.74394620598,33735.173713370794,33596.9582753426,33601.271614216195,21291.746196176595
2025-04-29 16:57:09.626062,33019.409282488254,33013.02607513893,32895.860607875264,32962.48426371796,4470.44860591324
2025-04-29 17:57:09.626062,31893.980196719764,31941.800424822468,31873.85341141973,31906.731281104374,33546.896386717744
2025-04-29 18:57:09.626062,32046.957989831048,32094.841123060483,31941.704974100467,32039.759145334323,12358.251086788696
2025-04-29 19:57:09.626062,31587.728185727647,31582.731575290854,31516.32926906483,31558.297207082793,53164.52984953267
2025-04-29 20:57:09.626062,30620.282483771272,30666.559890108376,30607.073679550474,30663.77493137631,22055.68539613853
2025-04-29 21:57:09.626062,30217.013765252388,30271.851031810187,30173.594343864155,30270.314000886574,32709.504933173397
2025-04-29 22:57:09.626062,29573.377327916955,29732.28100737144,29599.193511350855,29618.565078757867,8454.304889353689
2025-04-29 23:57:09.626062,30659.60273519366,30621.788671194896,30607.868726587647,30620.94122157532,12218.027067334215
2025-04-30 00:57:09.626062,31146.73802722611,31206.925363774124,31133.009059685584,31163.936099220537,13923.89020924151
2025-04-30 01:57:09.626062,31241.802134416524,31192.816784092236,31128.72014714576,31162.0833151398,51880.718118185665
2025-04-30 02:57:09.626062,32069.457044611536,32180.207638542823,32054.73682557015,32087.56237462819,117874.65437565118
2025-04-30 03:57:09.626062,32146.353895642827,32221.191663322432,32016.029002538497,32140.422338814897,9846.075695738155
2025-04-30 04:57:09.626062,31638.710868009268,31641.373917937268,31538.472273903535,31589.995621359994,64656.773118360055
2025-04-30 05:57:09.626062,32620.773564918796,32573.627814984335,32552.333192191527,32555.464279556858,2515.740775921057
2025-04-30 06:57:09.626062,32977.45243651429,32928.022755133425,32897.55433868673,32909.60915952622,6672.905150679479
2025-04-30 07:57:09.626062,32269.13868621672,32281.140486822173,32207.201521850813,32230.19280962007,8444.085579064968
2025-04-30 08:57:09.626062,32143.6061709046,32132.561368729603,32034.900316933683,32110.72278302578,5695.839702390291
2025-04-30 09:57:09.626062,31570.294328130105,31587.60666046237,31512.013670557357,31551.599155340176,4520.652452070844
2025-04-30 10:57:09.626062,30706.045260554634,30741.575458811247,30679.38839768656,30682.163458785733,33289.55330341993
2025-04-30 11:57:09.626062,31236.347769501426,31274.28343557165,31250.374058375874,31253.57429323607,17781.82775711034
2025-04-30 12:57:09.626062,32423.67081222211,32489.955982607175,32417.655530807588,32450.221547258883,32189.81565844936
2025-04-30 13:57:09.626062,31545.68356710383,31614.25387832406,31459.198997070424,31545.79001702874,43935.26968227429
2025-04-30 14:57:09.626062,31898.70119010998,31956.798793559705,31883.52234095849,31904.130782564196,28727.697129951866
2025-04-30 15:57:09.626062,31477.88435417787,31677.904175432916,31488.315189905574,31492.157483283125,42521.417797526854
2025-04-30 16:57:09.626062,31210.2133888444,31266.13347659186,31157.290619166746,31188.494113039,20546.948424869806
2025-04-30 17:57:09.626062,30851.53998242126,30905.381360291503,30789.202114895692,30822.09547407582,6721.0966468218285
2025-04-30 18:57:09.626062,30295.255636247566,30372.6988842464,30218.613916015758,30292.577563787396,63437.73678741629
2025-04-30 19:57:09.626062,30369.809830316528,30354.228905337808,30271.827388741927,30325.003725104576,12220.716534514582
2025-04-30 20:57:09.626062,29790.015107710216,29856.708239654905,29721.944916820823,29824.06491796627,8642.124313866405
2025-04-30 21:57:09.626062,29982.562231576372,30021.290025870283,29883.552223313094,29988.369763049366,18436.397675357497
2025-04-30 22:57:09.626062,29939.760536243008,29976.51500210305,29935.18492172395,29961.237419978526,8841.298913053803
2025-04-30 23:57:09.626062,29765.387878745674,29828.532315967026,29792.69427618371,29821.049960456432,14509.655712724796
2025-05-01 00:57:09.626062,29280.320922096565,29301.944462343577,29236.149854495634,29282.74203929173,31071.73745738805
2025-05-01 01:57:09.626062,28944.357059289414,28952.854232838945,28923.310780968695,28947.88139172183,31205.2534442317
2025-05-01 02:57:09.626062,29432.59312820053,29518.557804271462,29312.91040665792,29388.115692052026,8974.746192544391
2025-05-01 03:57:09.626062,29704.200693195224,29699.118171123562,29553.860109505193,29685.474748862085,13524.993553128697
2025-05-01 04:57:09.626062,29078.24737464877,29157.625043871012,29078.791614130303,29108.059465635266,64494.356625017164
2025-05-01 05:57:09.626062,29222.87933560369,29179.019097508048,29023.346260385195,29168.79768464768,36185.006167144435
2025-05-01 06:57:09.626062,29646.21061989571,29786.843115061132,29552.868966780883,29610.05574410577,175442.22042773903
2025-05-01 07:57:09.626062,28641.05527448565,28645.430960295213,28531.125284163445,28624.393081010014,71691.55044884021
2025-05-01 08:57:09.626062,28931.768565019043,28956.46868137142,28904.65104257222,28938.322634943244,69167.96276359196
2025-05-01 09:57:09.626062,28530.312675301673,28610.36114851634,28490.66541272328,28557.712064767664,5497.954811128604
2025-05-01 10:57:09.626062,28875.71594660926,28914.35398173082,28875.032241994442,28886.467685618605,47280.8368422926
2025-05-01 11:57:09.626062,28479.372268430056,28472.301144622037,28330.741863489373,28448.399113162806,20887.228994788893
2025-05-01 12:57:09.626062,27476.00733116803,27457.6087604007,27323.858531848407,27424.323826035965,12695.694464984377
2025-05-01 13:57:09.626062,26575.330253403397,26643.519463253047,26478.58952527975,26534.38124127609,26056.312506502258
2025-05-01 14:57:09.626062,26549.567676973213,26622.631333004367,26483.00154933933,26562.552765533812,56681.97481133507
2025-05-01 15:57:09.626062,26673.289520389393,26728.481845651007,26603.97372826655,26703.18687393783,36345.71487994208
2025-05-01 16:57:09.626062,26226.588921143655,26271.47926518984,26217.469943797623,26222.89447595779,9150.155920882078
2025-05-01 17:57:09.626062,26513.461105757946,26589.940929911492,26494.612069444014,26560.431618598614,46279.70993105922
2025-05-01 18:57:09.626062,25688.772961861094,25727.658471714843,25572.82935329062,25680.473861823986,11642.441590509925
2025-05-01 19:57:09.626062,25645.316824476507,25670.51286690112,25567.3106650658,25649.102698371025,27355.779969636675
2025-05-01 20:57:09.626062,25018.772933318654,25045.210490722766,24996.449350091734,25030.4380310989,16263.033576533666
2025-05-01 21:57:09.626062,24667.226476249452,24754.844486712896,24666.482766513745,24706.626208846516,17696.705092449898
2025-05-01 22:57:09.626062,24745.220720497746,24777.94947887897,24730.09285844853,24732.51809656761,47393.623581665786
2025-05-01 23:57:09.626062,24296.437934661004,24369.952818832033,24301.591055108576,24309.387565828987,7783.849430237636
2025-05-02 00:57:09.626062,24096.628238404497,24127.502863909376,24108.88883155978,24124.852309280148,154075.04598314967
2025-05-02 01:57:09.626062,24542.103692601755,24647.72759396002,24541.37169166837,24612.798102554854,3564.9807414126058
2025-05-02 02:57:09.626062,24330.61144724926,24392.522993175557,24288.4862339858,24331.280920133537,12116.607567182535
2025-05-02 03:57:09.626062,24784.22942275112,24751.121409047297,24687.073844979102,24740.383239053484,31895.234533271327
2025-05-02 04:57:09.626062,24224.04534306438,24198.79028183798,24117.29164524909,24183.869666737086,39510.20083102069
2025-05-02 05:57:09.626062,24431.36976284263,24561.17259846975,24427.23486626417,24442.542357455677,19920.891405875238
2025-05-02 06:57:09.626062,25134.55320128024,25171.476271397078,25115.139657682175,25149.698653123614,20797.941553090768
2025-05-02 07:57:09.626062,23920.19925549887,23974.86622565125,23838.864310475503,23908.99133587189,33208.132685975244
2025-05-02 08:57:09.626062,23506.83066797023,23556.901629312764,23478.011315210082,23530.32299983266,17482.06054729663
2025-05-02 09:57:09.626062,23811.43383286984,23852.87642949026,23802.54430101092,23804.24990306782,88714.73337431926
2025-05-02 10:57:09.626062,23728.127201249878,23808.997269527954,23684.761929844517,23709.963465837478,50988.17969879302
2025-05-02 11:57:09.626062,23917.640951805883,23964.10455458255,23813.42447254846,23888.331564146665,52723.91101109904
2025-05-02 12:57:09.626062,23599.792577120952,23690.896968127687,23585.790223047003,23602.156429301067,8382.012138356538
2025-05-02 13:57:09.626062,23640.574813715994,23733.87016446307,23526.61728697459,23645.390759126305,20345.429592435252
2025-05-02 14:57:09.626062,23553.43663751116,23592.503950837545,23487.377837134114,23574.134316939293,16310.005800884746
2025-05-02 15:57:09.626062,24107.130544784894,24168.97949158054,24125.523080041447,24127.080753860595,8057.822392027744
2025-05-02 16:57:09.626062,24246.769481123854,24278.19403602473,24221.192876267964,24252.262106571856,31576.365229171184
2025-05-02 17:57:09.626062,24427.410390301695,24547.16159325464,24412.429142413264,24418.439897752996,12866.13882809568
2025-05-02 18:57:09.626062,24241.860659419035,24219.89739063517,24214.254020238925,24219.733882892167,42421.21330280409
2025-05-02 19:57:09.626062,23966.696976759456,24001.68820893386,23923.636087909097,23985.961996546903,7553.818206364041
2025-05-02 20:57:09.626062,23816.35151674642,23824.81397434865,23769.78237251571,23780.854107659823,122889.47004578171
2025-05-02 21:57:09.626062,23964.34130951648,24019.448246126176,23934.559833095886,23970.840370077633,8988.195114545008
2025-05-02 22:57:09.626062,23770.90248763071,23775.4842277168,23667.29536308798,23771.410418354193,27427.524643860896
2025-05-02 23:57:09.626062,23893.68770750137,23955.811383574437,23854.42558598905,23911.55470044012,48623.3579355753
2025-05-03 00:57:09.626062,24846.087790188485,24919.18846454491,24858.72704066627,24906.467050353112,12448.551749683194
2025-05-03 01:57:09.626062,25365.29473716537,25388.271799076985,25340.271994557574,25342.89047151355,51661.52795921192
2025-05-03 02:57:09.626062,25198.7310471115,25200.729290104005,25168.64090474713,25180.177187223388,6443.430748669918
2025-05-03 03:57:09.626062,25780.37602176422,25838.990232416614,25732.222560406837,25787.630792939064,94100.41155751528
2025-05-03 04:57:09.626062,25581.457220286135,25613.0554111634,25568.26651310886,25579.743614914943,22340.33939951105
2025-05-03 05:57:09.626062,24552.268473884844,24581.739634943504,24495.239055989612,24539.607527974094,12131.838927206438
2025-05-03 06:57:09.626062,24009.72563025745,24058.584623006464,24032.993352403097,24047.300640242163,16330.964177922555
2025-05-03 07:57:09.626062,23137.70790918732,23151.725870861323,23089.21072488968,23149.955455101288,49459.98656257608
2025-05-03 08:57:09.626062,23007.779784452217,23056.124863355377,22974.770600960954,22989.52002069832,12277.759183660175
2025-05-03 09:57:09.626062,22971.43854921824,23014.07286480526,22991.36106563133,23000.28756664293,10411.250825900253
2025-05-03 10:57:09.626062,23780.737376151188,23776.145505667533,23713.370149840644,23773.758400795225,17649.511808719268
2025-05-03 11:57:09.626062,23899.116476417017,24057.02107216319,23917.847009705056,23931.581624604816,6788.857112934493
2025-05-03 12:57:09.626062,23840.22094863471,23882.10069998884,23789.456854587177,23829.10633898361,136018.19029480033
2025-05-03 13:57:09.626062,24225.90564749795,24297.713693304882,24195.84206895611,24226.76912546086,12501.518660931812
2025-05-03 14:57:09.626062,23120.415580181747,23203.988658754974,23120.053868008177,23157.81850964364,50595.442709023824
2025-05-03 15:57:09.626062,23296.36329865005,23282.32107829471,23219.639677850468,23269.26067499276,27159.17168627584
2025-05-03 16:57:09.626062,23612.978217479842,23713.45045281152,23529.918735872827,23630.33686389696,8229.379940979321
2025-05-03 17:57:09.626062,22915.327819651808,22950.977743076546,22872.844455524202,22933.910076181302,21895.694335435233
2025-05-03 18:57:09.626062,23465.52403224833,23479.078501238248,23370.711727813738,23460.818514712453,48242.84373097821
2025-05-03 19:57:09.626062,23649.1257552744,23624.502283596627,23564.21821791328,23621.9926522461,18246.68438395383
2025-05-03 20:57:09.626062,23404.357458158374,23485.488216515678,23424.817602518302,23428.156290496696,72628.51888972857
2025-05-03 21:57:09.626062,23728.460832898563,23779.029200485867,23665.615251259882,23726.997355264346,61176.31555015801
2025-05-03 22:57:09.626062,24817.54213361659,24837.946757101778,24772.38845084231,24806.90452363473,55210.85462319748
2025-05-03 23:57:09.626062,24916.874054055013,24965.313487677584,24853.893971957885,24899.615990593233,13909.721007278267
2025-05-04 00:57:09.626062,25030.133474376875,25035.877370129416,24963.674938477427,25025.71789778906,7481.267827183354
2025-05-04 01:57:09.626062,24789.202076039415,24837.982942528957,24778.65209605565,24798.30374387546,11925.239443055769
2025-05-04 02:57:09.626062,24359.113536411918,24382.38696607193,24327.196939716207,24379.289598069645,26802.245241741628
2025-05-04 03:57:09.626062,24788.722686625544,24847.93121087045,24756.6392831841,24786.58747373309,38016.92421098851
2025-05-04 04:57:09.626062,24338.555877753253,24386.96221509852,24252.423365998613,24364.678199765698,2510.9805048774997
2025-05-04 05:57:09.626062,24330.701673671032,24404.078385693017,24329.785672737307,24401.988434382045,21848.483615960355
2025-05-04 06:57:09.626062,24181.865026977986,24174.11777473983,24110.438162331673,24171.312803394307,25798.95394507427
2025-05-04 07:57:09.626062,24427.342142693793,24446.69374735431,24349.322934561093,24405.281358567274,16688.17633374734
2025-05-04 08:57:09.626062,24512.525607411655,24680.9990051752,24522.751264397324,24570.584237867526,80119.44310673374
2025-05-04 09:57:09.626062,25057.573573455335,25113.336154614586,25032.376897666865,25082.90054830214,33583.161491552186
2025-05-04 10:57:09.626062,24844.928350940732,24840.047186274594,24812.862366434987,24829.55502614743,81649.57621165845
2025-05-04 11:57:09.626062,24748.836555799266,24757.29963984132,24686.784063870276,24698.020490529154,17748.20174534199
2025-05-04 12:57:09.626062,24217.523328052444,24240.844589011467,24177.113242474134,24217.01976642265,56245.28489739509
2025-05-04 13:57:09.626062,23986.777128899368,24094.342784374297,23969.7289257714,24004.25229517226,112991.33287453603
2025-05-04 14:57:09.626062,24183.3651843901,24217.767944372117,24088.628199815397,24187.789044924608,81772.26850434397
2025-05-04 15:57:09.626062,24590.167465988547,24587.60987605238,24556.371908047317,24556.405443205644,7389.818153765838
2025-05-04 16:57:09.626062,24090.388185510397,24163.31588527885,24068.25178331972,24105.959772026545,17091.284299341634
2025-05-04 17:57:09.626062,24508.021793452906,24558.25149257855,24488.826309126733,24527.624074555413,15597.022264708088
2025-05-04 18:57:09.626062,25182.925586909907,25204.3866179818,25155.791424838746,25195.08835260293,35927.36480966788
2025-05-04 19:57:09.626062,25381.718231799347,25436.666651171632,25350.960760820544,25405.938439733603,43754.66676514047
2025-05-04 20:57:09.626062,26365.348060014152,26478.40097972847,26290.95884668248,26362.11421113358,9519.592535478052
2025-05-04 21:57:09.626062,25998.947452592278,26003.345930439693,25935.220816149907,25956.77603771249,23572.55790773494
2025-05-04 22:57:09.626062,25321.405426812886,25377.76965101822,25311.504560575217,25313.227247753464,2922.1434022268068
2025-05-04 23:57:09.626062,24409.09429781518,24447.069724924404,24409.817191988826,24415.25557306435,93148.00938454624
2025-05-05 00:57:09.626062,25140.884647976436,25205.444729198054,25139.21542709012,25148.223182894406,13195.428981514846
2025-05-05 01:57:09.626062,25440.03079258043,25490.12862902195,25459.689810846226,25479.860676596956,23291.969880842826
2025-05-05 02:57:09.626062,25476.561618703712,25454.414857450098,25418.81085360351,25454.08286925356,16160.904240917209
2025-05-05 03:57:09.626062,25597.162603358884,25629.812430829654,25561.542968803587,25599.1551698432,69288.03914790665
2025-05-05 04:57:09.626062,25020.96711294762,25058.93479811159,24976.143275774866,25025.48371008518,1290.1239249606035
2025-05-05 05:57:09.626062,26335.9345921855,26290.656005817567,26237.18944386713,26252.10878495238,21663.62049255081
2025-05-05 06:57:09.626062,26330.44451386144,26326.897235641103,26259.682082982643,26322.580566361547,19814.737192975776
2025-05-05 07:57:09.626062,26362.96953446759,26406.93256878443,26335.597287707184,26382.80389030874,13993.715464324767
2025-05-05 08:57:09.626062,26756.984431322257,26846.337401620644,26694.898846285963,26768.397340866784,123775.72599275793
2025-05-05 09:57:09.626062,27059.63197487657,27066.67474378794,27009.59109237917,27028.591105395943,9069.48300691283
2025-05-05 10:57:09.626062,27155.3949138128,27195.168797788567,27044.892551979992,27152.319359451903,47657.5420743247
2025-05-05 11:57:09.626062,26687.331207325344,26730.250956598207,26723.26155137056,26725.77029419305,31453.098813517503
2025-05-05 12:57:09.626062,27005.251181780077,27056.55961630643,26878.044755392664,26980.449971498416,77770.63933786235
2025-05-05 13:57:09.626062,27979.99820254414,28021.651027534055,27945.625834111102,27998.70537194115,11302.858250324873
2025-05-05 14:57:09.626062,28808.772132729955,28804.42663514999,28706.923871074923,28754.905631954272,10583.284493728213
2025-05-05 15:57:09.626062,29706.069112206733,29757.30700098451,29628.67607493194,29674.01974457962,65911.61174531926
2025-05-05 16:57:09.626062,29360.451214772336,29414.59051513362,29282.95542466061,29373.590665030923,33702.29814840821
2025-05-05 17:57:09.626062,28832.05016094094,28820.67813557433,28758.72251733117,28795.163085889082,4698.801021394759
2025-05-05 18:57:09.626062,28727.550694986152,28753.148952442418,28691.33524375257,28725.60150463085,12844.80830255727
2025-05-05 19:57:09.626062,28785.014884911707,28777.548012494837,28724.003955360407,28760.488697267025,32415.197610188396
2025-05-05 20:57:09.626062,29407.00203477872,29419.982955989533,29378.8827863686,29392.75440212933,50907.4329101658
2025-05-05 21:57:09.626062,28376.732553188627,28411.976238072424,28358.4988396641,28400.769733659574,11167.570283784438
2025-05-05 22:57:09.626062,29253.579679357685,29290.643454207988,29247.738592738195,29272.417939013867,1194.811857064185
2025-05-05 23:57:09.626062,29212.89689736352,29282.058883082667,29167.26667892569,29182.83971591038,37168.7333588901
2025-05-06 00:57:09.626062,28926.91870117002,28998.619606978566,28916.979867504284,28936.605963041333,6500.792100379316
2025-05-06 01:57:09.626062,28342.31736104514,28364.572786116656,28332.77706382246,28353.762313630166,2929.717268250819
2025-05-06 02:57:09.626062,27391.98172240548,27469.78746110649,27411.384387942115,27418.169435117386,1296.8247750746668
2025-05-06 03:57:09.626062,27884.114546529032,27929.865511192325,27846.787665159864,27872.30786296235,49710.967421143054
2025-05-06 04:57:09.626062,27973.543288155804,27938.182948740083,27888.221237867518,27915.96591281588,25049.7080161952
2025-05-06 05:57:09.626062,27169.51207469643,27296.96842838489,27188.616197472526,27198.547419286428,17576.949221435985
2025-05-06 06:57:09.626062,26497.42378381942,26508.33707528723,26444.320654426396,26496.782046154683,88346.7209695887
2025-05-06 07:57:09.626062,26358.659190147093,26366.109416148225,26319.644539794335,26321.48744452882,41661.16517184364
2025-05-06 08:57:09.626062,27200.575711491758,27238.219387548434,27158.61928092916,27202.742175724332,110890.67030708751
2025-05-06 09:57:09.626062,27076.473612471564,27123.210677303174,27003.928898028407,27064.230517898068,5471.261704810281
2025-05-06 10:57:09.626062,26225.417447904605,26294.513986665534,26239.727371284072,26253.308793259006,21278.43454310891
2025-05-06 11:57:09.626062,26138.093091110597,26146.26321135563,26115.786290362175,26126.90275323333,4373.358922752476
2025-05-06 12:57:09.626062,25982.143680477766,26060.059959734583,25946.317909342273,25987.006999802412,17511.58022386066
2025-05-06 13:57:09.626062,24612.162514803094,24588.693504008366,24566.724492409983,24587.92545914647,17177.989210624448
2025-05-06 14:57:09.626062,24592.850865177188,24608.01079235357,24543.63772647138,24563.684289077297,41217.31183544179
2025-05-06 15:57:09.626062,24516.010393023684,24497.08275807149,24425.75163664383,24452.68859967636,23053.2925292641
2025-05-06 16:57:09.626062,24809.988579044068,24870.959379525804,24773.559336049202,24795.61621733423,41085.36023135171
2025-05-06 17:57:09.626062,25723.39375107427,25741.285946964916,25672.55249846352,25715.015893615277,44508.70794370509
2025-05-06 18:57:09.626062,26302.09186812453,26351.18246240702,26289.124530948626,26296.98014800487,190028.3741041449
2025-05-06 19:57:09.626062,26148.95244365565,26192.60615820054,26139.140132304732,26158.190634868803,16069.901748036202
2025-05-06 20:57:09.626062,25590.571204611042,25625.632919228174,25581.54486284708,25581.91214066657,8595.355681495064
2025-05-06 21:57:09.626062,26893.15299697989,26959.848065007267,26788.84253305744,26901.099619741854,28171.993223257406
2025-05-06 22:57:09.626062,26940.188155546835,26983.609340729105,26927.004764702444,26935.650549558803,9874.589041576415
2025-05-06 23:57:09.626062,26981.351788327942,26955.10871886401,26826.6109552115,26945.84800540116,96950.97995284092
2025-05-07 00:57:09.626062,26908.429402885984,26965.3454136223,26916.145466500046,26935.541171594035,16593.759352744884
2025-05-07 01:57:09.626062,27075.773083434684,27108.532913502942,27005.56351996951,27044.945130293752,12511.751881253738
2025-05-07 02:57:09.626062,27005.08725714988,27017.844525422246,26949.42713974327,26969.565236417387,13748.489999538611
2025-05-07 03:57:09.626062,26659.685853053477,26694.681488137703,26646.176117900905,26662.833894576816,45180.34488057133
2025-05-07 04:57:09.626062,26317.92244072301,26423.907236187035,26310.96987790461,26373.88399568514,18812.052178984042
2025-05-07 05:57:09.626062,26343.223036570158,26383.664301161945,26292.93185589393,26359.24476510159,11595.045570526487
2025-05-07 06:57:09.626062,26109.215004082813,26146.692676129427,26037.25330001682,26075.39535850341,116465.6801527033
2025-05-07 07:57:09.626062,25705.6603336953,25749.854939411463,25675.893113698505,25706.248185780285,9356.533603185382
2025-05-07 08:57:09.626062,25737.79168726591,25827.045568206224,25756.212852351044,25763.5372475492,22823.958486369313
2025-05-07 09:57:09.626062,25621.791531035065,25663.047421507385,25617.36698372836,25634.731300507985,42290.00935216791
2025-05-07 10:57:09.626062,26430.58331281231,26441.427700187764,26354.011279683113,26408.38389644134,4309.878056676037
2025-05-07 11:57:09.626062,25024.54244806931,25045.721903058886,24967.233436932966,25010.86816687262,35605.68166388344
2025-05-07 12:57:09.626062,25553.25298170045,25589.11238626036,25500.930249206893,25559.359933222728,7668.622822967196
2025-05-07 13:57:09.626062,26189.288272472062,26212.545268998085,26155.92418561299,26198.89866806617,50150.45072233803
2025-05-07 14:57:09.626062,25105.268697844993,25142.17388852122,25111.85842339793,25115.107745968588,8411.448622057196
2025-05-07 15:57:09.626062,24922.476568930935,24995.804314364985,24941.8507801102,24945.48653977249,44036.27617962266
2025-05-07 16:57:09.626062,24802.666634024725,24859.865313469716,24759.040520740076,24762.665625966078,66558.26885013586
2025-05-07 17:57:09.626062,24060.309432641134,24084.897864884188,24060.834946649615,24068.06706330999,52126.90606531384
2025-05-07 18:57:09.626062,23724.904850991796,23770.222316080126,23639.585434193625,23696.062986018344,28319.804604864312
2025-05-07 19:57:09.626062,23207.359187089554,23176.525740618235,23168.227245557035,23172.10708861877,17478.0145221758
2025-05-07 20:57:09.626062,24010.44625121687,23999.138668002885,23932.79227957845,23986.500266592302,12376.817231739236
2025-05-07 21:57:09.626062,24427.224078395473,24470.96538964317,24418.53793142693,24437.771917152488,95897.45196563148
2025-05-07 22:57:09.626062,25071.813322627226,25076.834706642057,25052.73837713582,25061.695162175412,10943.5418934202
2025-05-07 23:57:09.626062,25425.312641471744,25442.680868497402,25363.419984409873,25425.927837213818,7808.232668882444
2025-05-08 00:57:09.626062,24831.86575156525,24890.706959912586,24824.347628204003,24854.326652808584,42846.05845293812
2025-05-08 01:57:09.626062,24604.0580916736,24612.56235305077,24554.240457061107,24596.080124791155,9935.437565192593
2025-05-08 02:57:09.626062,24809.987159165306,24854.97981985739,24715.81302635246,24839.27365118356,8517.9970361685
2025-05-08 03:57:09.626062,24263.40519823085,24257.367282446983,24221.78877763449,24234.622236912914,5199.905533813796
2025-05-08 04:57:09.626062,24571.209135937683,24658.127456038023,24519.92573245463,24582.6306513514,13590.008879631334
2025-05-08 05:57:09.626062,24471.854064117946,24503.96489923933,24459.50833088344,24466.932304435322,20277.860945936685
2025-05-08 06:57:09.626062,24292.84461041938,24315.713482185285,24260.058403604315,24285.96469117357,28087.8317481155
2025-05-08 07:57:09.626062,24627.34246863875,24683.80963690279,24592.361796718233,24633.720261335246,57028.4898740857
2025-05-08 08:57:09.626062,24869.64310621618,24867.19406613644,24794.5041888675,24855.060796111808,37305.569978502775
2025-05-08 09:57:09.626062,24666.389857776823,24680.049641358877,24625.921880438113,24678.10958225597,18199.106536282605
2025-05-08 10:57:09.626062,25274.78142968189,25259.57158688081,25208.727956060506,25252.77875180216,18066.313012610535
2025-05-08 11:57:09.626062,24676.0487440126,24725.805865903272,24693.735819580063,24709.306969105997,36686.25603398743
2025-05-08 12:57:09.626062,25019.326271888316,25087.77935394057,24987.55895315721,25016.164739506676,78634.84202273813
2025-05-08 13:57:09.626062,25364.493511624085,25370.179465237918,25298.56854136949,25315.408731511543,24992.07864604369
2025-05-08 14:57:09.626062,25136.04482882318,25227.248436610593,25114.2571087885,25161.21437973234,13778.561459930574
2025-05-08 15:57:09.626062,25310.682736974148,25359.359947964265,25316.566486588763,25327.84855894919,8161.098009670894
2025-05-08 16:57:09.626062,24709.312827362923,24762.2613651103,24644.008743191185,24696.621039950438,5191.587134058728
2025-05-08 17:57:09.626062,25160.015073620387,25174.95832616621,25082.415010412216,25155.497604534987,42884.66886985425
2025-05-08 18:57:09.626062,25073.775588185523,25119.677869744766,25019.05190534901,25064.987049288142,39260.66961677585
2025-05-08 19:57:09.626062,24817.587141385226,24905.283191651615,24763.932239448055,24805.45263319958,39236.531785687235
2025-05-08 20:57:09.626062,25344.43260314151,25380.21391168807,25321.24521275508,25328.35615172863,19367.284463039818
2025-05-08 21:57:09.626062,25001.805375933258,24986.54414182161,24958.726936473948,24974.091630398005,89943.29956042336
2025-05-08 22:57:09.626062,24283.03577450576,24323.82325953362,24247.62248730144,24273.08821009599,13573.593168224947
2025-05-08 23:57:09.626062,23514.15723472731,23526.647048993065,23456.224415607823,23519.83157412991,57254.941792293015
2025-05-09 00:57:09.626062,23823.260726349614,23808.386728432662,23787.056866657367,23807.248597045244,21189.41630296187
2025-05-09 01:57:09.626062,23244.036507397865,23216.26491573701,23198.12898395904,23199.959323788295,11987.853829817823
2025-05-09 02:57:09.626062,24013.31699390649,24091.597833939835,23947.531343562754,24016.502392593826,39836.15943459661
2025-05-09 03:57:09.626062,22996.4582070835,23056.569430882693,22958.313549561975,23018.89079072007,33177.79542613686
2025-05-09 04:57:09.626062,23828.554516701617,23875.15101427166,23788.826278503584,23802.203557256944,31475.752272643793
2025-05-09 05:57:09.626062,23902.159675556963,23928.93593292019,23803.077835412976,23905.03739178254,23891.509459365883
2025-05-09 06:57:09.626062,23809.346805121055,23927.967503418564,23812.863818594986,23861.18928441097,21207.431003658865
2025-05-09 07:57:09.626062,23623.52919432131,23620.882693905573,23596.06107675006,23603.52705383868,239994.6697903054
2025-05-09 08:57:09.626062,23781.570044374635,23894.245162265608,23639.973503272467,23794.307808009526,71988.13877536646
2025-05-09 09:57:09.626062,23776.624634147483,23808.52503670956,23669.01855132996,23778.77740491513,45380.006201253665
2025-05-09 10:57:09.626062,24313.927746912843,24348.891302562606,24297.03812904406,24305.858679913523,24631.937646610753
2025-05-09 11:57:09.626062,24368.45858688734,24392.681392041213,24358.635736894732,24363.817287495876,60304.21016521867
2025-05-09 12:57:09.626062,24456.830804434056,24445.531048203502,24390.829149092762,24439.492162309547,36974.90714895699
2025-05-09 13:57:09.626062,24253.639424242032,24359.038312980287,24181.553892665095,24264.20615531537,22611.293046393355
2025-05-09 14:57:09.626062,24251.434939155857,24263.515355331107,24159.589403521644,24238.99776885868,16259.549468182704
2025-05-09 15:57:09.626062,24384.307287419862,24442.292659255643,24303.496122536304,24390.637796424075,20314.34696278942
2025-05-09 16:57:09.626062,23576.24041762429,23628.647430442394,23529.526072903554,23558.834903480103,924.7970093901391
2025-05-09 17:57:09.626062,22940.065120017185,23015.945611383104,22899.23759757917,22925.95723139711,27189.899442623864
2025-05-09 18:57:09.626062,23247.28387321221,23269.222633294987,23245.927090262085,23269.050643744205,13514.57375955703
2025-05-09 19:57:09.626062,23376.25373392286,23398.13221390304,23300.9348374612,23350.895079469876,108301.0359262733
2025-05-09 20:57:09.626062,23254.836231472404,23329.731720307078,23211.479196730004,23267.30665730698,22456.695086161304
2025-05-09 21:57:09.626062,23297.02168781432,23312.778957514707,23170.380173810365,23278.211547443367,6707.868910338073
2025-05-09 22:57:09.626062,23450.971059730087,23465.11440710151,23402.133220965767,23442.360977946715,20954.733569612603
2025-05-09 23:57:09.626062,23234.270883502064,23248.732386846856,23153.225928433705,23191.64038870145,7737.848179430307
2025-05-10 00:57:09.626062,22827.853897646117,22909.90400138944,22740.780196307715,22832.956286653167,35362.507076130474
2025-05-10 01:57:09.626062,22916.666131543207,22950.48182581287,22918.023027052495,22924.674105253707,29464.67491643638
2025-05-10 02:57:09.626062,22477.952509602732,22517.942649684963,22442.73040767919,22478.389031058705,57402.29884718774
2025-05-10 03:57:09.626062,22657.30283588233,22754.24435346633,22658.641507082266,22664.174155280845,9987.785828671102
2025-05-10 04:57:09.626062,21912.202024287133,21917.93843009646,21874.63865157085,21894.68754628893,22788.426951487287
2025-05-10 05:57:09.626062,22311.41727487953,22362.516845849408,22340.41513033304,22347.537837358494,5625.011123452682
2025-05-10 06:57:09.626062,22537.228264070513,22576.44736158084,22544.27895784682,22561.000393543545,44422.20703926438
2025-05-10 07:57:09.626062,22654.56576238966,22749.27516378613,22617.638098533997,22678.78223231518,37007.32631134906
2025-05-10 08:57:09.626062,23148.75235674663,23166.274227270347,23093.718288918164,23126.774807069607,36163.478995164274
2025-05-10 09:57:09.626062,23940.31121507629,23919.258629784064,23874.511949359458,23899.428533030623,22062.15621777191
2025-05-10 10:57:09.626062,24384.1286041556,24409.271907729893,24370.98643279925,24386.675773382856,33348.66067238572
2025-05-10 11:57:09.626062,23487.29254585928,23493.30280922789,23483.362507928276,23491.25838057899,109572.2149699841
2025-05-10 12:57:09.626062,22894.033707791994,22917.98438312984,22846.867309540983,22892.430043548527,16562.655029525133
2025-05-10 13:57:09.626062,22634.915471328255,22723.026836553796,22600.4398931216,22608.646974956726,25302.163470056905
2025-05-10 14:57:09.626062,22601.72626966733,22636.12563291782,22524.203303694234,22622.705506522674,7434.404048592902
2025-05-10 15:57:09.626062,22864.63364914057,22870.2175739093,22851.02506647171,22859.184728530683,9244.083815796346
2025-05-10 16:57:09.626062,22551.643292327488,22581.5363496789,22465.289017041483,22529.672409194267,24289.83655549822
2025-05-10 17:57:09.626062,22627.414043311754,22633.555495941142,22549.403072683872,22616.08125684706,66431.96011532871
2025-05-10 18:57:09.626062,22280.89007591993,22285.776703942203,22250.56179828072,22276.666829409984,17046.823762163644
2025-05-10 19:57:09.626062,22028.472392648157,22083.706480479086,21991.95798985641,22006.442928942837,17397.5291228978
2025-05-10 20:57:09.626062,21331.710558178205,21456.823739978485,21335.935996460095,21389.53143027264,14663.471606593426
2025-05-10 21:57:09.626062,21010.953010891688,21016.280630793644,20977.89735931334,20996.71985271243,12903.363969135862
2025-05-10 22:57:09.626062,20417.837113298734,20437.36425593638,20402.913654055643,20431.200664830696,29583.48234612035
2025-05-10 23:57:09.626062,19997.802764310443,20037.441541629265,19955.585842910274,20034.47853979676,4928.2653780134115
2025-05-11 00:57:09.626062,20469.12378977345,20477.14596698095,20454.432854779494,20458.665266906195,79295.73132006695
2025-05-11 01:57:09.626062,20099.814859369955,20080.0716295324,19990.264361238784,20072.242452005175,11322.8456408944
2025-05-11 02:57:09.626062,21128.10147151178,21163.05242262323,21119.284170294242,21131.005896884897,45338.12121174344
2025-05-11 03:57:09.626062,21361.940939190376,21389.86335884734,21340.654128575577,21341.605066925644,6185.736787347794
2025-05-11 04:57:09.626062,21457.17246427936,21449.31344681362,21408.833516092825,21422.63321851229,42995.043928066465
2025-05-11 05:57:09.626062,21084.69797047302,21083.521825186217,21056.542675060784,21057.009803932568,43128.72846752824
2025-05-11 06:57:09.626062,21389.064019799254,21388.394933319425,21319.321855251812,21354.04414484308,32344.590628997637
2025-05-11 07:57:09.626062,21126.00219862197,21148.13814551687,21075.576207510818,21110.335638199107,8148.356082334907
2025-05-11 08:57:09.626062,21165.55650904826,21190.693406166796,21154.404018824345,21163.96003452929,28269.766459962808
2025-05-11 09:57:09.626062,22214.06369770467,22260.972672312935,22248.92318820294,22249.706967591483,6747.61113476008
2025-05-11 10:57:09.626062,22203.720998355468,22245.624191151383,22165.861675148877,22209.185845884047,17106.89273006351
2025-05-11 11:57:09.626062,22702.735101473492,22723.422744641943,22662.658920886577,22721.895262292554,61661.381169574976
2025-05-11 12:57:09.626062,22453.256571214653,22424.994022499042,22374.832608738372,22404.61743016631,48859.393272942376
2025-05-11 13:57:09.626062,22387.24152617502,22414.306755066715,22366.41871724031,22391.179817028456,22363.444046679524
2025-05-11 14:57:09.626062,23189.281923104838,23195.535959561843,23139.967769907536,23186.42524406262,8309.821637966064
2025-05-11 15:57:09.626062,22910.62930317659,22907.4289293383,22875.2146347711,22898.001390269303,42006.83878287773
2025-05-11 16:57:09.626062,23731.354882437587,23765.753268833763,23693.20579590231,23730.320182424435,22457.52974710437
2025-05-11 17:57:09.626062,24109.39431527778,24077.106227323216,24032.026839136684,24068.59681520446,2163.9367294670974
2025-05-11 18:57:09.626062,23785.42874466944,23873.962952864746,23715.94421245345,23800.247953867038,48176.654022304196
2025-05-11 19:57:09.626062,24108.347950001073,24127.3344017176,24080.925406827308,24103.65719861174,21499.117486425715
2025-05-11 20:57:09.626062,24556.6637977666,24588.911524737854,24484.909504582516,24574.909945547348,73309.9225674853
2025-05-11 21:57:09.626062,24850.139811484943,24895.734947381632,24821.85121193985,24882.985913036537,7366.732100043962
2025-05-11 22:57:09.626062,24089.290515351004,24115.678746478894,24003.976521163724,24104.03661992112,919.009249274543
2025-05-11 23:57:09.626062,23755.028358556592,23758.842730631353,23751.81887386563,23755.908201307342,29117.185863713305
2025-05-12 00:57:09.626062,23630.534194558357,23663.351842518736,23633.575835684725,23640.683192441982,29482.839956348907
2025-05-12 01:57:09.626062,23591.5075449542,23649.14506145601,23592.428925351705,23607.854118435604,4061.5841953718414
2025-05-12 02:57:09.626062,23869.654045014362,23934.332657362436,23853.427599041654,23903.26963053464,8279.19031151553
2025-05-12 03:57:09.626062,23988.61890267365,24048.343707614848,23934.36744443354,23990.612656276164,346354.3779848897
2025-05-12 04:57:09.626062,23317.158454815555,23400.96539356971,23330.608926025183,23352.29713209064,16226.311751367206
2025-05-12 05:57:09.626062,23550.088016157573,23555.132140850168,23506.290826732093,23532.20222551732,45750.544687761554
2025-05-12 06:57:09.626062,23823.887863948807,23838.69087618788,23806.851462641873,23821.923990420615,11491.238709319834
2025-05-12 07:57:09.626062,24055.89800233515,24128.1118616196,24048.358819592107,24091.01189284319,2723.5653765586585
2025-05-12 08:57:09.626062,24606.552097660457,24677.96867402464,24605.24960455538,24614.163020290318,18578.15585626341
2025-05-12 09:57:09.626062,25008.326022306057,25049.981162815668,24961.915682972995,25027.150353758316,16888.6223374033
2025-05-12 10:57:09.626062,25267.554632574735,25268.65793512041,25229.87994522494,25259.492446439705,14766.579454496356
2025-05-12 11:57:09.626062,25260.386359384618,25256.592497111295,25205.76381725723,25226.571390512574,19640.698854405804
2025-05-12 12:57:09.626062,24345.349561374995,24418.27936475889,24378.540331374254,24391.087056327753,28688.97758322701
2025-05-12 13:57:09.626062,24605.933271214653,24623.42532884953,24591.26105242411,24603.103272710334,18956.13772832693
2025-05-12 14:57:09.626062,24703.802292861208,24753.552091971684,24707.36941194678,24707.758815352496,6222.915663260796
2025-05-12 15:57:09.626062,24861.110742072597,24845.99385605044,24828.252436331248,24844.431679409576,35817.24611909613
2025-05-12 16:57:09.626062,24217.67629370544,24253.599448122757,24204.556330268253,24212.514267302493,3135.7643798700083
2025-05-12 17:57:09.626062,23673.618349083798,23718.59001960246,23681.38398938684,23691.43358056131,2834.561534690786
2025-05-12 18:57:09.626062,24185.097928021456,24279.22702294567,24144.75245146271,24192.816741417668,46128.23409204707
2025-05-12 19:57:09.626062,24156.852212985552,24193.48589502188,24126.977041177037,24176.097011323156,36571.344374184984
2025-05-12 20:57:09.626062,24534.405981269298,24522.79425899557,24439.974261021343,24508.03516048359,20797.844591805555
2025-05-12 21:57:09.626062,24524.889173840667,24533.383369271836,24445.875248963774,24524.366519157506,5456.438111046202
2025-05-12 22:57:09.626062,24588.071872879114,24673.595673173313,24481.66628830821,24541.4139652332,10851.830553280064
2025-05-12 23:57:09.626062,25002.887545100588,25021.897415116062,24996.42980262431,25004.404332616356,16936.9558863262
2025-05-13 00:57:09.626062,24731.304708718206,24798.535319305247,24704.646046980477,24748.83695228837,4465.364082527856
2025-05-13 01:57:09.626062,24761.350948925945,24803.624199315906,24773.41524813869,24798.889384708393,10519.346262120147
2025-05-13 02:57:09.626062,24527.78408644102,24659.383171733163,24570.38501986275,24572.090998649255,42291.03221465903
2025-05-13 03:57:09.626062,24322.42742581021,24364.945574950478,24265.109055488458,24361.018590968386,91794.28908672865
2025-05-13 04:57:09.626062,24219.287625322497,24253.161008150986,24181.10212437059,24212.81973587491,14480.602111215441
2025-05-13 05:57:09.626062,24335.184339691987,24367.340446054553,24283.36891327179,24322.81071724484,46933.564258955
2025-05-13 06:57:09.626062,24054.258152031132,24118.8321924979,24044.46377589263,24092.35275619931,3248.471735223154
2025-05-13 07:57:09.626062,24721.95168961053,24705.612582435093,24679.087051095714,24699.84438253644,42593.25733093845
2025-05-13 08:57:09.626062,24248.66189877898,24291.21889495172,24218.82319663121,24260.381144008647,9858.128135187688
2025-05-13 09:57:09.626062,24175.68393647192,24256.199137331056,24167.41383268707,24172.135635875806,29951.827400020175
2025-05-13 10:57:09.626062,24000.600052983296,23977.36329157247,23901.36833284763,23961.96807376118,17192.82770190918
2025-05-13 11:57:09.626062,24679.92712410172,24748.18672581728,24569.384860643448,24657.813027935008,82488.4868939554
2025-05-13 12:57:09.626062,24750.562957899558,24797.523281784066,24738.256055920552,24757.2110278172,9187.180355337512
2025-05-13 13:57:09.626062,25248.077648138435,25294.96283868914,25264.34520007521,25270.5986091505,41258.246938486875
2025-05-13 14:57:09.626062,24469.538196058737,24540.39004497703,24502.801625065873,24522.30567107787,16655.44612806553
2025-05-13 15:57:09.626062,24638.00041536234,24675.150387660473,24597.3453871715,24655.731666628748,18801.548679423093
2025-05-13 16:57:09.626062,25091.588491591552,25193.644365958404,25076.81476007055,25096.887203380633,18327.283072284532
2025-05-13 17:57:09.626062,25115.87994935907,25154.72097861508,25127.15781577668,25140.698332050757,9455.263934461802
2025-05-13 18:57:09.626062,25675.580274446558,25722.356355595723,25676.645203823766,25678.95081564873,21718.094371788426
2025-05-13 19:57:09.626062,25417.80347332389,25418.33574436014,25406.57337966123,25415.850217377683,20688.88291785494
2025-05-13 20:57:09.626062,26128.910508073193,26208.23574616132,26099.760435125252,26134.78707127945,28035.875822845708
2025-05-13 21:57:09.626062,27321.25437249048,27341.890182322535,27274.957558894082,27339.02480917364,23968.72526769498
2025-05-13 22:57:09.626062,27147.94351897492,27235.875981856825,27079.515057627228,27143.36566354286,48922.59086256553
2025-05-13 23:57:09.626062,26916.1213166928,26971.324569361088,26877.996373305275,26904.231243260983,55465.06355597154
2025-05-14 00:57:09.626062,27658.773485095357,27692.399161293455,27623.51482412685,27688.965507540124,7703.088860928089
2025-05-14 01:57:09.626062,28606.774133059935,28620.827869419554,28538.99308525454,28566.468777287053,52510.713823631864
2025-05-14 02:57:09.626062,28267.81298568797,28291.322878189792,28259.14916847295,28270.600131353476,6725.513597236269
2025-05-14 03:57:09.626062,28036.376986808515,28131.38749305213,28006.226009685608,28035.848521634947,39650.38306346389
2025-05-14 04:57:09.626062,27900.396173243764,27932.200120879876,27822.877098517307,27880.650694292286,40934.920704573895
2025-05-14 05:57:09.626062,27140.083687404705,27218.569741813826,27056.534350024835,27133.755657883525,3257.3951080339516
2025-05-14 06:57:09.626062,26663.329080413067,26652.53670670433,26586.255261757728,26637.939484438484,24172.701700332105
2025-05-14 07:57:09.626062,26113.134018464494,26118.34584715941,26084.881460230103,26105.638458814945,13787.310051995373
2025-05-14 08:57:09.626062,25691.62795429367,25722.788213946216,25643.73845840264,25707.37210977749,10313.765539182634
2025-05-14 09:57:09.626062,25701.397489082556,25789.95227314516,25672.59563732372,25692.109700855715,85037.90104168098
2025-05-14 10:57:09.626062,25785.502999426768,25898.976674770518,25765.04806651402,25815.028323863495,11456.595385648654
2025-05-14 11:57:09.626062,26621.023766266324,26736.253689085755,26601.61448522481,26618.13410945908,9834.216575682385
2025-05-14 12:57:09.626062,26088.442540457705,26097.60824740132,26057.25495470401,26089.309487967912,23758.483365123986
2025-05-14 13:57:09.626062,26599.987194619036,26621.25474172271,26567.755636218244,26605.5242527126,43721.25932936401
2025-05-14 14:57:09.626062,26490.913583596783,26574.683920763055,26442.44907278972,26494.319097440835,19117.346851687686
2025-05-14 15:57:09.626062,26420.944411808054,26548.949531888313,26398.13622132797,26470.758383205084,70711.9983685659
2025-05-14 16:57:09.626062,26815.94247938171,26893.32973781173,26744.335812804577,26830.66513363179,37458.00290952372
2025-05-14 17:57:09.626062,26233.316031690072,26242.25305604363,26187.430239899426,26230.880628171308,2494.3630381674925
2025-05-14 18:57:09.626062,26438.348267763326,26492.135063397094,26376.450662008054,26434.122604298187,12971.799831465732
2025-05-14 19:57:09.626062,26497.507535126122,26556.00548816599,26500.207653344445,26524.766378151817,12558.561467849819
2025-05-14 20:57:09.626062,26822.568568874096,26833.52022985511,26780.62852692675,26788.66194939847,35573.66704649168
2025-05-14 21:57:09.626062,26922.92945554127,26979.029577912785,26869.033446105066,26946.26963655366,1595.8837605565157
2025-05-14 22:57:09.626062,28299.5965317828,28302.672212372847,28242.521147424635,28272.187855691456,281816.0152254399
2025-05-14 23:57:09.626062,27926.333859852217,27945.018180467156,27886.84881509441,27914.408981720248,37459.89207400454
2025-05-15 00:57:09.626062,27602.901815540332,27666.785716338687,27549.154628742333,27620.751099219044,25562.374517383378
2025-05-15 01:57:09.626062,27327.71019140296,27339.560711892133,27218.87610292083,27279.280986724672,71794.82781358801
2025-05-15 02:57:09.626062,26946.745519803033,26990.848538159174,26959.22665475398,26978.948586517963,229499.0233257874
2025-05-15 03:57:09.626062,26662.209967466337,26702.61311447701,26629.66525634862,26637.7257906304,52614.47992505115
2025-05-15 04:57:09.626062,27301.133215073554,27301.837164183125,27197.7064170429,27273.843489532854,56886.48650967478
2025-05-15 05:57:09.626062,28032.611233385753,28091.700377689216,28018.246709057,28051.423084599643,25101.679229716177
2025-05-15 06:57:09.626062,27772.64197680216,27746.810062366774,27693.864982233426,27734.02331170943,19119.695230157853
2025-05-15 07:57:09.626062,27268.28529165377,27339.45959533127,27264.446751858275,27275.105336678524,13687.03832069495
2025-05-15 08:57:09.626062,27542.940202859543,27545.680530120855,27510.102182568018,27534.991026367952,9642.040239234344
2025-05-15 09:57:09.626062,27240.724904136197,27262.56918692493,27190.642279959407,27233.635394093984,11080.98549901593
2025-05-15 10:57:09.626062,27577.395061960095,27607.79114478567,27580.710827824638,27581.099444714888,5706.972978105569
2025-05-15 11:57:09.626062,27718.25033420857,27756.85206841582,27683.85139791581,27695.794355013793,20417.10990865693
2025-05-15 12:57:09.626062,26880.28147747022,26895.570416567967,26838.99374956843,26858.969188373583,4086.043505491853
2025-05-15 13:57:09.626062,27644.520979493747,27715.57405346315,27652.59648342147,27692.942975719856,26659.918164883165
2025-05-15 14:57:09.626062,28727.797040600202,28708.037310814172,28672.04046459337,28690.375029865485,21240.592956898516
2025-05-15 15:57:09.626062,28294.503602114077,28389.155082775986,28247.888931622074,28341.621320487327,25512.79317267428
2025-05-15 16:57:09.626062,28153.733712371817,28174.56892531664,28116.825095535056,28124.693666678017,13067.302935653055
2025-05-15 17:57:09.626062,28320.17624397921,28318.561817359325,28231.946677822423,28288.30366692555,477758.3645574801
2025-05-15 18:57:09.626062,28449.285688873,28550.360408491943,28401.168769139753,28480.3568020646,85829.31554865159
2025-05-15 19:57:09.626062,28846.460946173487,28895.099612016693,28849.210895810902,28858.316354858376,6345.222838833277
2025-05-15 20:57:09.626062,29988.22972756058,30048.947400524754,29955.535436449558,30021.424556847687,27802.13478136058
2025-05-15 21:57:09.626062,29911.752495871857,30043.06265311554,29829.808723321356,29918.182542488255,11991.985816833056
2025-05-15 22:57:09.626062,29434.432698880097,29477.928694039845,29399.962939554607,29443.502307037164,7986.598858008588
2025-05-15 23:57:09.626062,28656.531840801177,28635.985575642728,28565.948695581097,28634.20687982414,5767.119004776028
2025-05-16 00:57:09.626062,28255.453179812128,28269.81802439751,28164.862258926885,28218.478260944623,33935.491437380464
2025-05-16 01:57:09.626062,28241.966171671633,28255.428090831043,28188.897521477254,28202.604253492915,11143.590459627885
2025-05-16 02:57:09.626062,29201.223390748797,29256.670515485184,29128.08480582115,29217.64861861398,57978.41261917344
2025-05-16 03:57:09.626062,28912.052382722246,28935.00200099214,28906.75055428779,28918.10268235058,59503.012144545966
2025-05-16 04:57:09.626062,29001.520357045858,29061.308927091206,29032.89592497697,29050.42495191015,87021.83865950284
2025-05-16 05:57:09.626062,29020.382632718727,29173.801579760944,29033.591678078414,29043.78815220825,9391.997105930965
2025-05-16 06:57:09.626062,29765.693174879612,29863.127907267397,29627.343595859405,29737.00138053418,35431.82160348172
2025-05-16 07:57:09.626062,31293.31834182159,31280.763328283436,31187.210820019405,31242.842941406638,41458.74919772197
2025-05-16 08:57:09.626062,30876.091261905203,30942.548307101846,30910.288399733465,30914.250231803842,13709.191851396408
2025-05-16 09:57:09.626062,30596.590456348007,30782.95681895368,30581.8917875615,30614.728588840564,10180.486132083497
2025-05-16 10:57:09.626062,31256.298730768372,31288.364355054324,31119.834819108703,31257.12409879056,110141.44316941424
2025-05-16 11:57:09.626062,31695.406484189094,31719.879085554374,31676.254857313867,31686.529149463608,27653.176304236084
2025-05-16 12:57:09.626062,32833.409130571075,32951.25430661024,32850.61154373434,32860.01271252781,41604.672127980615
2025-05-16 13:57:09.626062,33261.15524714953,33272.6581494884,33190.56227014715,33247.05646565935,9681.033955702365
2025-05-16 14:57:09.626062,32995.83094785332,33036.759143826166,32965.72858372027,33011.47308270467,6507.531864761643
2025-05-16 15:57:09.626062,33404.25917652502,33414.179267531,33365.8206617587,33404.74195090431,12463.3825162967
2025-05-16 16:57:09.626062,34167.45651767104,34294.314149168895,34094.16754603291,34148.801565287715,19457.319703290814
2025-05-16 17:57:09.626062,34712.809042909335,34765.91902762977,34580.12273235221,34712.58610931551,7599.061206489762
2025-05-16 18:57:09.626062,35052.92995545247,35083.340387426906,35040.66590612441,35068.23323764307,21810.683364983066
2025-05-16 19:57:09.626062,35815.94178832309,35856.280228191245,35748.111357509704,35819.867997030895,4070.392910288272
2025-05-16 20:57:09.626062,36657.89077185869,36949.010881773705,36558.95902193225,36661.13025781608,7186.44992851482
2025-05-16 21:57:09.626062,37664.28522756706,37835.27794612526,37624.68212683552,37678.22658699064,43084.18400380785
2025-05-16 22:57:09.626062,38160.960709439314,38302.50540920397,38138.062573331255,38170.83917232581,40287.258040213936
2025-05-16 23:57:09.626062,38107.89935852009,38068.94858386274,38018.18715217515,38047.07550891179,14885.207813365729
2025-05-17 00:57:09.626062,38183.926850652526,38184.4511411341,38120.07496415497,38162.52075058106,7960.409250713695
2025-05-17 01:57:09.626062,39075.65597215511,39090.76336502603,39077.03808522309,39087.205472058864,7884.045571239377
2025-05-17 02:57:09.626062,38479.27916900199,38485.10542188306,38324.11982042065,38452.47954401942,15164.792755555607
2025-05-17 03:57:09.626062,38726.92073141966,38784.00333690839,38666.82373243837,38739.852849331044,41961.94821173357
2025-05-17 04:57:09.626062,38484.062782097804,38464.30103262297,38314.828216410475,38438.969080426126,55728.42903695299
2025-05-17 05:57:09.626062,38479.12965870873,38581.62730818998,38440.13783566984,38464.91140453445,13406.142340302962
2025-05-17 06:57:09.626062,39448.03533526615,39511.49275019568,39347.68604099179,39452.26864827794,6950.073916814901
2025-05-17 07:57:09.626062,39624.73243469288,39639.968133889546,39495.56026719399,39606.9997105419,28791.7347724118
2025-05-17 08:57:09.626062,39585.46296093477,39737.354058699624,39601.28509717747,39647.74465750054,9666.920024365387
2025-05-17 09:57:09.626062,38529.941593244985,38608.12190731543,38516.56538552411,38573.40485099617,13118.088537420943
2025-05-17 10:57:09.626062,39106.22729640717,39251.41526867325,39042.14917362405,39152.97300995862,82890.52915913706
2025-05-17 11:57:09.626062,39668.01025945083,39704.80608703975,39645.0056583773,39662.340801711056,50368.2063474756
2025-05-17 12:57:09.626062,41453.99741617856,41411.96922905716,41298.75342457811,41382.30195732427,25795.98947836022
2025-05-17 13:57:09.626062,41223.48593817363,41191.83971170971,41062.20098009887,41131.708750425656,6173.869074464836
2025-05-17 14:57:09.626062,41342.46425498978,41378.73122393322,41192.23547624753,41316.10247030137,27211.543822011023
2025-05-17 15:57:09.626062,41547.10353774365,41583.23852447725,41518.677369709585,41526.305317160695,63745.717913957225
2025-05-17 16:57:09.626062,42763.41573079385,42998.965005401136,42833.082518713665,42840.57407807271,15128.964045817325
2025-05-17 17:57:09.626062,42740.00135670837,42778.22318416725,42716.312016809985,42763.20782918986,85060.16341565047
2025-05-17 18:57:09.626062,42972.24173631834,43063.63375910831,42924.444501311824,43006.121259879474,80237.4216800679
2025-05-17 19:57:09.626062,43506.25975535266,43541.825696957574,43528.11421590029,43533.287292212,116277.26483245767
2025-05-17 20:57:09.626062,43692.76688816172,43813.37428358261,43537.94337662736,43700.114792335495,29888.920131270494
2025-05-17 21:57:09.626062,43293.852526467315,43376.5722442774,43294.875657405304,43314.30079975442,39631.98208938663
2025-05-17 22:57:09.626062,43400.696321552176,43551.565425424546,43456.63973717365,43486.76967652678,90597.98836711474
2025-05-17 23:57:09.626062,44458.11971972984,44442.19269940533,44281.70646812914,44424.8938859656,34454.467098203146
2025-05-18 00:57:09.626062,43470.59685207259,43522.86630009573,43494.419254752676,43517.279710381066,13343.24965610166
2025-05-18 01:57:09.626062,43647.80111018841,43645.36868098364,43608.00293125822,43637.36100840906,14065.17500552892
2025-05-18 02:57:09.626062,43119.94547084821,43052.404409250834,42948.05108149843,43030.69624948986,27960.6922261996
2025-05-18 03:57:09.626062,44022.961810769855,44073.71599960717,44022.71581953332,44063.47308897965,6059.839406009913
2025-05-18 04:57:09.626062,42617.433428383774,42743.88880648441,42624.7629642148,42725.54133252003,19086.586400756336
2025-05-18 05:57:09.626062,42240.12480671707,42385.567065266834,42237.65286019637,42252.20911690826,65943.07298140517
2025-05-18 06:57:09.626062,42622.06860954152,42659.1064634832,42518.01389713071,42575.1950383521,2462.041465575551
2025-05-18 07:57:09.626062,43998.498312729025,43988.8358817089,43778.303014095625,43912.50237549352,102179.06596766482
2025-05-18 08:57:09.626062,43805.22145762305,43899.10760721868,43781.29811929604,43859.14845581993,67668.37522740691
2025-05-18 09:57:09.626062,43398.067886570905,43453.667151511894,43310.51703689055,43376.52280138875,13908.221014365032
2025-05-18 10:57:09.626062,44991.87656744558,45098.823051001775,45007.41222367955,45012.82150398055,37925.94903399285
2025-05-18 11:57:09.626062,43709.10756273312,43790.32952304988,43679.789822155224,43713.73896143657,22095.908329570444
2025-05-18 12:57:09.626062,41906.27205580848,41918.85249307708,41691.301754776636,41795.74974304187,75356.86954946189
2025-05-18 13:57:09.626062,42104.36712673169,42218.680995598545,42055.34356257332,42167.7439947712,58846.235490706335
2025-05-18 14:57:09.626062,41759.14415226127,41767.71753653046,41719.373718020855,41748.55088909079,5431.275460691285
2025-05-18 15:57:09.626062,40919.1546023248,41034.135829017156,40836.82977573957,40900.02593946788,39626.85854661181
2025-05-18 16:57:09.626062,41528.59415678543,41516.114074422534,41452.09464729559,41483.55188344048,17932.538704763647
2025-05-18 17:57:09.626062,41694.05954499013,41773.06862841352,41587.39876722397,41689.97462980778,23928.669280504502
2025-05-18 18:57:09.626062,41236.51416967588,41262.2765897425,41174.59603588655,41223.81515117814,10634.17445183832
2025-05-18 19:57:09.626062,40156.623449304265,40223.81606116639,39980.308575055366,40172.356895332276,126517.64569994697
2025-05-18 20:57:09.626062,40888.34866986615,40892.921997691796,40843.64649311314,40877.34747437416,62321.504382944535
2025-05-18 21:57:09.626062,41398.79257522555,41439.84554950372,41337.34581388903,41413.005198714876,10511.53848395279
2025-05-18 22:57:09.626062,41360.69576397571,41429.88274227327,41290.55722059184,41335.0030879891,5798.702085264805
2025-05-18 23:57:09.626062,42849.90788215914,42873.0566411665,42829.042456383686,42865.7515069784,14977.84471208892
2025-05-19 00:57:09.626062,41968.458684873185,42203.61041959103,41929.14541297845,41952.638328434296,34013.155189091245
2025-05-19 01:57:09.626062,40675.647158416185,40692.04216643389,40572.783626361634,40676.83747713257,28006.89038175964
2025-05-19 02:57:09.626062,40163.18741678396,40248.835210732395,40076.66735063525,40118.01251872677,77121.1487482675
2025-05-19 03:57:09.626062,40083.38777205213,40182.133573233616,40018.56279240111,40085.447912482065,48529.14004541985
2025-05-19 04:57:09.626062,40213.118069435885,40347.178874911195,40108.57319233035,40284.54387369085,58079.557214533495
2025-05-19 05:57:09.626062,40144.80638340254,40131.63224624382,40048.4625645823,40094.21063694562,30541.918639192427
2025-05-19 06:57:09.626062,40343.953774199545,40503.36579072743,40333.63395272709,40380.527722483675,5490.097367580446
2025-05-19 07:57:09.626062,39348.068055807504,39448.53424328619,39325.664194657846,39373.80932696985,18111.483595304573
2025-05-19 08:57:09.626062,40490.5439276774,40656.26466354347,40507.1457435676,40514.676952578724,63582.25747619748
2025-05-19 09:57:09.626062,40507.760843396405,40527.58017926457,40432.785110170415,40452.16185119701,20920.337929692007
2025-05-19 10:57:09.626062,41271.81590274643,41379.715626922465,41267.76288385077,41360.147703683535,36427.904556435016
2025-05-19 11:57:09.626062,41778.46742043406,41742.37926973113,41632.25949550052,41647.78713741346,16014.529529621008
2025-05-19 12:57:09.626062,42076.79574279439,42125.40749168476,41970.902646797585,42032.407133040106,7865.081292790952
2025-05-19 13:57:09.626062,42525.07531247535,42585.69358211296,42354.837799456844,42515.58417962951,19470.503064330394
2025-05-19 14:57:09.626062,42898.172575888435,42952.7451978607,42896.296850604216,42900.52755747461,30002.843606410614
2025-05-19 15:57:09.626062,43468.689637641175,43502.255327001185,43389.45869439353,43456.28051966063,11433.607005477093
2025-05-19 16:57:09.626062,44639.07695969855,44710.10503704361,44561.553594927296,44615.826651769625,17401.10093179595
2025-05-19 17:57:09.626062,44824.55017308656,44905.22491869216,44763.11532405487,44795.64732325088,8608.770240530337
2025-05-19 18:57:09.626062,45460.57660716907,45458.85480501623,45407.061761694924,45435.332533499095,67456.95148054617
2025-05-19 19:57:09.626062,45362.39587489006,45390.31071977834,45186.90996220628,45358.332644551156,16408.327222424
2025-05-19 20:57:09.626062,46660.08514701456,46722.530584033935,46481.19185549182,46669.294791925655,94160.4522696473
2025-05-19 21:57:09.626062,46035.66166728206,46210.27740283211,45923.77736441019,46042.62668660898,101594.82223164191
2025-05-19 22:57:09.626062,47696.33328742353,47731.39802367627,47667.734603245146,47705.63151002429,20311.73415612538
2025-05-19 23:57:09.626062,47726.13605180564,47854.409235856045,47566.99186763063,47672.08686526256,8034.9115293601935
2025-05-20 00:57:09.626062,46340.182585372146,46319.05062995542,46280.50034599462,46312.69337489255,2735.5892027249765
2025-05-20 01:57:09.626062,46299.442020701776,46563.05995861226,46427.930068391135,46435.98185398471,5054.139689563129
2025-05-20 02:57:09.626062,45838.164985095966,45990.18615653048,45775.53435267935,45808.11940400751,5575.65554019764
2025-05-20 03:57:09.626062,46591.93758741985,46667.77399283862,46565.017768879254,46582.866217313596,87419.1484497913
2025-05-20 04:57:09.626062,45978.642374258714,45989.22760701434,45932.94917581272,45979.502593574245,24731.291600302728
2025-05-20 05:57:09.626062,45556.08843712223,45688.978514709604,45441.876271722685,45573.79469733943,32519.80359378454
2025-05-20 06:57:09.626062,43905.38042870349,43930.3134544634,43806.25168927679,43856.08124992171,2391.267863446493
2025-05-20 07:57:09.626062,43504.92224734878,43510.98249626477,43372.49529859191,43463.739204309895,6647.748938017877
2025-05-20 08:57:09.626062,41329.10135384031,41377.59714595606,41248.35428922347,41361.06839992394,53480.89554242019
2025-05-20 09:57:09.626062,40071.27071196469,40076.11687723577,39923.536724415855,40054.96624634342,29341.967626490354
2025-05-20 10:57:09.626062,40628.623939130106,40771.627909713745,40411.76284525079,40668.13941066975,19011.412226118504
2025-05-20 11:57:09.626062,41254.35294812739,41371.867303249775,41218.52072928648,41311.34683262958,38748.30758493127
2025-05-20 12:57:09.626062,41640.889037120105,41691.062964403536,41646.76213438071,41667.002465262114,113074.00627749482
2025-05-20 13:57:09.626062,40900.59122912922,41000.60432471462,40695.17783748904,40865.34921871635,17658.235188493327
2025-05-20 14:57:09.626062,40869.357444892616,40908.839156126494,40785.27028112044,40830.44092902941,23608.68195137062
2025-05-20 15:57:09.626062,40852.53219739076,40841.60290772666,40786.8143369593,40831.58210793168,26704.75500831705
2025-05-20 16:57:09.626062,39918.63186700364,39897.157201280366,39736.25662553984,39889.70800778859,240893.3624944943
2025-05-20 17:57:09.626062,41114.31072976934,41185.98651204678,41029.43670426349,41093.099364127316,2699.019223865917
2025-05-20 18:57:09.626062,41791.453733190596,42019.98372779724,41677.00193331869,41818.27938976302,43617.90520124939
2025-05-20 19:57:09.626062,41655.63862821215,41763.93256974827,41598.409753054664,41637.654386575254,19637.52884116693
2025-05-20 20:57:09.626062,41697.555845930845,41714.38098263421,41499.59315295159,41664.20741745285,38823.139479425205
2025-05-20 21:57:09.626062,41873.57699868281,41848.044263840355,41779.160898166476,41842.01592884576,11414.359488548014
2025-05-20 22:57:09.626062,40185.314194988714,40154.629187681814,39971.81914262277,40137.59407269686,20973.91851086605
2025-05-20 23:57:09.626062,39971.47763535009,40019.23103491694,39940.912350332,39943.18572323286,44864.879749997315
2025-05-21 00:57:09.626062,39416.21546369944,39408.47340398402,39238.62616209943,39402.36757224328,495295.68222497863
2025-05-21 01:57:09.626062,38658.30978747923,38636.891064389565,38592.24594278235,38616.98381304864,49416.32871762679
2025-05-21 02:57:09.626062,38402.72208666489,38499.117104287274,38277.51686541178,38403.74060222554,9432.66931613052
2025-05-21 03:57:09.626062,39753.25039018122,39814.93136647214,39759.63955658625,39788.338717510655,14418.109764835974
2025-05-21 04:57:09.626062,40295.70703768037,40314.7935949667,40232.67748758044,40302.27900795821,13996.82632203945
2025-05-21 05:57:09.626062,39816.23160973431,39997.94960336318,39843.4262726577,39845.91293566481,3656.8479056826295
2025-05-21 06:57:09.626062,40278.98532999928,40375.55689931237,40304.746816778774,40306.19920004594,15833.920870846508
2025-05-21 07:57:09.626062,41432.295193848564,41472.56200648998,41399.11381873334,41438.283799540004,45836.18308197314
